No.,Channel Name,Receive Frequency,Transmit Frequency,Channel Type,Transmit Power,Band Width,CTCSS/DCS Decode,CTCSS/DCS Encode,Contact,Contact Call Type,Contact TG/DMR ID,Radio ID,Busy Lock/TX Permit,Squelch Mode,Optional Signal,DTMF ID,2Tone ID,5Tone ID,PTT ID,Color Code,Slot,Scan List,Receive Group List,TX Prohibit,Reverse,Simplex TDMA,TDMA Adaptive,Encryption Type,Digital Encryption,Call Confirmation,Talk Around,Work Alone,Custom CTCSS,2TONE Decode,Ranging,Through Mode
1,CH-1 VHF VUCALL,145.5,145.5,A-Analog,Low,12.5K,Off,Off,All CALL,Private Call,16776415,VU0AAA,Off,Carrier,Off,1,1,1,Off,1,2,None,None,Off,Off,Off,Off,Normal Encryption,Off,Off,Off,Off,251.1,1,Off,On
2,CH-2 UHF VUCALL,435.5,435.5,A-Analog,Low,12.5K,Off,Off,All CALL,Private Call,16776415,VU0AAA,Off,Carrier,Off,1,1,1,Off,1,2,None,None,Off,Off,Off,Off,Normal Encryption,Off,Off,Off,Off,251.1,1,Off,On
3,CH-1 D-VHFS1,145.5,145.5,D-Digital,Low,12.5K,Off,Off,All CALL,Private Call,16776415,VU0AAA,Always,Carrier,Off,1,1,1,Off,1,1,None,None,Off,Off,Off,Off,Normal Encryption,Off,Off,Off,Off,251.1,1,Off,On
4,CH-2 D-VHFS2,145.5,145.5,D-Digital,Low,12.5K,Off,Off,All CALL,Private Call,16776415,VU0AAA,Always,Carrier,Off,1,1,1,Off,1,1,None,None,Off,Off,Off,Off,Normal Encryption,Off,Off,Off,Off,251.1,1,Off,On
5,CH-1 D-UHFS1,435.5,435.5,D-Digital,Low,12.5K,Off,Off,All CALL,Private Call,16776415,VU0AAA,Always,Carrier,Off,1,1,1,Off,1,1,None,None,Off,Off,Off,Off,Normal Encryption,Off,Off,Off,Off,251.1,1,Off,On
6,CH-2 D-UHFS2,435.5,435.5,D-Digital,Low,12.5K,Off,Off,All CALL,Private Call,16776415,VU0AAA,Always,Carrier,Off,1,1,1,Off,1,1,None,None,Off,Off,Off,Off,Normal Encryption,Off,Off,Off,Off,251.1,1,Off,On
7,CH-1 APRS VHF,144.39,144.39,A-Analog,Low,12.5K,Off,Off,All CALL,Private Call,16776415,VU0AAA,Off,Carrier,Off,1,1,1,Off,1,1,None,None,Off,Off,Off,Off,Normal Encryption,Off,Off,Off,Off,131.8,1,Off,Off
8,CH-2 APRS UHF,434.39,434.39,A-Analog,Low,12.5K,Off,Off,All CALL,Private Call,16776415,VU0AAA,Off,Carrier,Off,1,1,1,Off,1,1,None,None,Off,Off,Off,Off,Normal Encryption,Off,Off,Off,Off,131.8,1,Off,Off
9,CH-1 APRS S1 VHF,144.39,144.39,D-Digital,Low,12.5K,Off,Off,All CALL,Private Call,16776415,VU0AAA,Always,Carrier,Off,1,1,1,Off,1,1,None,None,Off,Off,Off,Off,Normal Encryption,Off,Off,Off,Off,251.1,1,Off,Off
10,CH-2 APRS S2 VHF,144.39,144.39,D-Digital,Mid,12.5K,Off,Off,All CALL,Private Call,16776415,VU0AAA,Always,Carrier,Off,1,1,1,Off,1,1,None,None,Off,Off,Off,Off,Normal Encryption,Off,Off,Off,Off,251.1,1,Off,Off
11,CH-3 APRS S1 UHF,434.39,434.39,D-Digital,Mid,12.5K,Off,Off,All CALL,Private Call,16776415,VU0AAA,Always,Carrier,Off,1,1,1,Off,1,1,None,None,Off,Off,Off,Off,Normal Encryption,Off,Off,Off,Off,251.1,1,Off,Off
12,CH-4 APRS S2 VHF,434.39,434.39,D-Digital,Mid,12.5K,Off,Off,All CALL,Private Call,16776415,VU0AAA,Always,Carrier,Off,1,1,1,Off,1,1,None,None,Off,Off,Off,Off,Normal Encryption,Off,Off,Off,Off,251.1,1,Off,Off
13,AJI-Guntur,145.45,144.85,A-Analog,Low,12.5K,Off,Off,All CALL,Private Call,16776415,VU0AAA,Off,Carrier,Off,1,1,1,Off,1,1,None,None,Off,Off,Off,Off,Normal Encryption,Off,Off,Off,Off,251.1,1,Off,On
14,KDD-Vijayawada,145.55,144.95,A-Analog,Low,12.5K,Off,Off,All CALL,Private Call,16776415,VU0AAA,Off,Carrier,Off,1,1,1,Off,1,1,None,None,Off,Off,Off,Off,Normal Encryption,Off,Off,Off,Off,251.1,1,Off,On
15,VBR-Visakhapatna,145.4,144.8,A-Analog,Low,12.5K,Off,Off,All CALL,Private Call,16776415,VU0AAA,Off,Carrier,Off,1,1,1,Off,1,1,None,None,Off,Off,Off,Off,Normal Encryption,Off,Off,Off,Off,251.1,1,Off,On
16,RM-Eluru,145.6,145,A-Analog,Low,12.5K,Off,Off,All CALL,Private Call,16776415,VU0AAA,Off,Carrier,Off,1,1,1,Off,1,1,None,None,Off,Off,Off,Off,Normal Encryption,Off,Off,Off,Off,251.1,1,Off,On
17,MMP-Patna,145,144.4,A-Analog,Low,12.5K,Off,Off,All CALL,Private Call,16776415,VU0AAA,Off,Carrier,Off,1,1,1,Off,1,1,None,None,Off,Off,Off,Off,Normal Encryption,Off,Off,Off,Off,251.1,1,Off,On
18,FUN-Delhi,145.67,145.07,A-Analog,Low,12.5K,Off,Off,All CALL,Private Call,16776415,VU0AAA,Off,Carrier,Off,1,1,1,Off,1,1,None,None,Off,Off,Off,Off,Normal Encryption,Off,Off,Off,Off,251.1,1,Off,On
19,HUB-Delhi,435.67,434.07,A-Analog,Low,12.5K,Off,Off,All CALL,Private Call,16776415,VU0AAA,Off,Carrier,Off,1,1,1,Off,1,1,None,None,Off,Off,Off,Off,Normal Encryption,Off,Off,Off,Off,251.1,1,Off,On
20,RRG-Delhi,145.2,145.8,A-Analog,Low,12.5K,Off,Off,All CALL,Private Call,16776415,VU0AAA,Off,Carrier,Off,1,1,1,Off,1,1,None,None,Off,Off,Off,Off,Normal Encryption,Off,Off,Off,Off,251.1,1,Off,On
21,DGS-Delhi,434.9,436.5,A-Analog,Low,12.5K,Off,Off,All CALL,Private Call,16776415,VU0AAA,Off,Carrier,Off,1,1,1,Off,1,1,None,None,Off,Off,Off,Off,Normal Encryption,Off,Off,Off,Off,251.1,1,Off,On
22,DLR-Delhi,145.6,145,A-Analog,Low,12.5K,Off,Off,All CALL,Private Call,16776415,VU0AAA,Off,Carrier,Off,1,1,1,Off,1,1,None,None,Off,Off,Off,Off,Normal Encryption,Off,Off,Off,Off,251.1,1,Off,On
23,HUB-D1-ND,435.67,434.07,D-Digital,Low,12.5K,Off,Off,All CALL,Private Call,16776415,VU0AAA,Always,Carrier,Off,1,1,1,Off,1,1,None,None,Off,Off,Off,Off,Normal Encryption,Off,Off,Off,Off,251.1,1,Off,On
24,HUB-D2-ND,435.67,434.07,D-Digital,Low,12.5K,Off,Off,All CALL,Private Call,16776415,VU0AAA,Always,Carrier,Off,1,1,1,Off,1,1,None,None,Off,Off,Off,Off,Normal Encryption,Off,Off,Off,Off,251.1,1,Off,On
25,YCR-Ahmedabad,145.2,144.6,A-Analog,Low,12.5K,Off,Off,All CALL,Private Call,16776415,VU0AAA,Off,Carrier,Off,1,1,1,Off,1,1,None,None,Off,Off,Off,Off,Normal Encryption,Off,Off,Off,Off,251.1,1,Off,On
26,WDF-Gandhinagar,145.4,144.8,A-Analog,Low,12.5K,Off,Off,All CALL,Private Call,16776415,VU0AAA,Off,Carrier,Off,1,1,1,Off,1,1,None,None,Off,Off,Off,Off,Normal Encryption,Off,Off,Off,Off,251.1,1,Off,On
27,URP-Rajkot,144.25,144.85,A-Analog,Low,12.5K,Off,Off,All CALL,Private Call,16776415,VU0AAA,Off,Carrier,Off,1,1,1,Off,1,1,None,None,Off,Off,Off,Off,Normal Encryption,Off,Off,Off,Off,251.1,1,Off,On
28,IU-Bengaluru,145.8,145.2,A-Analog,Low,12.5K,Off,Off,All CALL,Private Call,16776415,VU0AAA,Off,Carrier,Off,1,1,1,Off,1,1,None,None,Off,Off,Off,Off,Normal Encryption,Off,Off,Off,Off,251.1,1,Off,On
29,TWO-Bengaluru,145.65,145.05,A-Analog,Low,12.5K,Off,Off,All CALL,Private Call,16776415,VU0AAA,Off,Carrier,Off,1,1,1,Off,1,1,None,None,Off,Off,Off,Off,Normal Encryption,Off,Off,Off,Off,251.1,1,Off,On
30,ZOI-Bengaluru,434.05,437.65,A-Analog,Low,12.5K,Off,Off,All CALL,Private Call,16776415,VU0AAA,Off,Carrier,Off,1,1,1,Off,1,1,None,None,Off,Off,Off,Off,Normal Encryption,Off,Off,Off,Off,251.1,1,Off,On
31,ZO-S1Bengalore,145.275,144.675,D-Digital,Low,12.5K,Off,Off,Bangalore,Group Call,40480,VU0AAA,Always,Carrier,Off,1,1,1,Off,1,1,None,None,Off,Off,Off,Off,Normal Encryption,Off,Off,Off,Off,251.1,1,Off,On
32,ZO-S2Bengalore,145.275,144.675,D-Digital,Low,12.5K,Off,Off,Bangalore,Group Call,40480,VU0AAA,Always,Carrier,Off,1,1,1,Off,1,2,None,None,Off,Off,Off,Off,Normal Encryption,Off,Off,Off,Off,251.1,1,Off,On
33,RSB-Chikkaballap,145.7,145.1,A-Analog,Low,12.5K,Off,Off,All CALL,Private Call,16776415,VU0AAA,Off,Carrier,Off,1,1,1,Off,1,1,None,None,Off,Off,Off,Off,Normal Encryption,Off,Off,Off,Off,251.1,1,Off,On
34,CHQ-Chikmagalur,144.9,144.3,A-Analog,Low,12.5K,Off,Off,All CALL,Private Call,16776415,VU0AAA,Off,Carrier,Off,1,1,1,Off,1,1,None,None,Off,Off,Off,Off,Normal Encryption,Off,Off,Off,Off,251.1,1,Off,On
35,CIQ-Chikmagalur,434.05,435.65,A-Analog,Low,12.5K,Off,Off,All CALL,Private Call,16776415,VU0AAA,Off,Carrier,Off,1,1,1,Off,1,1,None,None,Off,Off,Off,Off,Normal Encryption,Off,Off,Off,Off,251.1,1,Off,On
36,NIW-Mangaluru,144.825,145.425,A-Analog,Low,12.5K,Off,Off,All CALL,Private Call,16776415,VU0AAA,Off,Carrier,Off,1,1,1,Off,1,1,None,None,Off,Off,Off,Off,Normal Encryption,Off,Off,Off,Off,251.1,1,Off,On
37,TRE-Mysuru,145.725,145.125,A-Analog,Low,12.5K,Off,Off,All CALL,Private Call,16776415,VU0AAA,Off,Carrier,Off,1,1,1,Off,1,1,None,None,Off,Off,Off,Off,Normal Encryption,Off,Off,Off,Off,251.1,1,Off,On
38,FAR-Idukki,145.175,145.775,A-Analog,Low,12.5K,Off,Off,All CALL,Private Call,16776415,VU0AAA,Off,Carrier,Off,1,1,1,Off,1,1,None,None,Off,Off,Off,Off,Normal Encryption,Off,Off,Off,Off,251.1,1,Off,On
39,HEN-Kattapana,145.1,145.7,A-Analog,Low,12.5K,Off,Off,All CALL,Private Call,16776415,VU0AAA,Off,Carrier,Off,1,1,1,Off,1,1,None,None,Off,Off,Off,Off,Normal Encryption,Off,Off,Off,Off,251.1,1,Off,On
40,CHN-Nadukani,145.6,145,A-Analog,Low,12.5K,Off,Off,All CALL,Private Call,16776415,VU0AAA,Off,Carrier,Off,1,1,1,Off,1,1,None,None,Off,Off,Off,Off,Normal Encryption,Off,Off,Off,Off,251.1,1,Off,On
41,WSV-Idukki,145.55,144.95,A-Analog,Low,12.5K,Off,Off,All CALL,Private Call,16776415,VU0AAA,Off,Carrier,Off,1,1,1,Off,1,1,None,None,Off,Off,Off,Off,Normal Encryption,Off,Off,Off,Off,251.1,1,Off,On
42,MWM-Kannur,145.675,145.075,A-Analog,Low,12.5K,Off,Off,All CALL,Private Call,16776415,VU0AAA,Off,Carrier,Off,1,1,1,Off,1,1,None,None,Off,Off,Off,Off,Normal Encryption,Off,Off,Off,Off,251.1,1,Off,On
43,CSD-Kollam,145.35,144.75,A-Analog,Low,12.5K,Off,Off,All CALL,Private Call,16776415,VU0AAA,Off,Carrier,Off,1,1,1,Off,1,1,None,None,Off,Off,Off,Off,Normal Encryption,Off,Off,Off,Off,251.1,1,Off,On
44,GCC-Kollam,145.2,144.6,A-Analog,Low,12.5K,Off,114.8,All CALL,Private Call,16776415,VU0AAA,Off,Carrier,Off,1,1,1,Off,1,1,None,None,Off,Off,Off,Off,Normal Encryption,Off,Off,Off,Off,251.1,1,Off,On
45,IP-Pala,145.265,144.665,A-Analog,Low,12.5K,Off,Off,All CALL,Private Call,16776415,VU0AAA,Off,Carrier,Off,1,1,1,Off,1,1,None,None,Off,Off,Off,Off,Normal Encryption,Off,Off,Off,Off,251.1,1,Off,On
46,TTD-Thodupuzha,145.3,144.7,A-Analog,Low,12.5K,Off,Off,All CALL,Private Call,16776415,VU0AAA,Off,Carrier,Off,1,1,1,Off,1,1,None,None,Off,Off,Off,Off,Normal Encryption,Off,Off,Off,Off,251.1,1,Off,On
47,CSR-Kozhikode,145.625,145.025,A-Analog,Low,12.5K,Off,Off,All CALL,Private Call,16776415,VU0AAA,Off,Carrier,Off,1,1,1,Off,1,1,None,None,Off,Off,Off,Off,Normal Encryption,Off,Off,Off,Off,251.1,1,Off,On
48,EDJ-Vatakara,145.825,144.225,A-Analog,Low,12.5K,Off,Off,All CALL,Private Call,16776415,VU0AAA,Off,Carrier,Off,1,1,1,Off,1,1,None,None,Off,Off,Off,Off,Normal Encryption,Off,Off,Off,Off,251.1,1,Off,On
49,MJJ-Malappuram,145.45,144.85,A-Analog,Low,12.5K,Off,Off,All CALL,Private Call,16776415,VU0AAA,Off,Carrier,Off,1,1,1,Off,1,1,None,None,Off,Off,Off,Off,Normal Encryption,Off,Off,Off,Off,251.1,1,Off,On
50,BCM-Palakkad,145.65,145.05,A-Analog,Low,12.5K,Off,Off,All CALL,Private Call,16776415,VU0AAA,Off,Carrier,Off,1,1,1,Off,1,1,None,None,Off,Off,Off,Off,Normal Encryption,Off,Off,Off,Off,251.1,1,Off,On
51,DFD-Pathanamthit,144.475,145.075,A-Analog,Low,12.5K,Off,Off,All CALL,Private Call,16776415,VU0AAA,Off,Carrier,Off,1,1,1,Off,1,1,None,None,Off,Off,Off,Off,Normal Encryption,Off,Off,Off,Off,251.1,1,Off,On
52,IAC-Thrissur,144.825,144.225,A-Analog,Low,12.5K,Off,Off,All CALL,Private Call,16776415,VU0AAA,Off,Carrier,Off,1,1,1,Off,1,1,None,None,Off,Off,Off,Off,Normal Encryption,Off,Off,Off,Off,251.1,1,Off,On
53,XT-Trivandrum,145.6,145,A-Analog,Low,12.5K,Off,88.5,All CALL,Private Call,16776415,VU0AAA,Off,Carrier,Off,1,1,1,Off,1,1,None,None,Off,Off,Off,Off,Normal Encryption,Off,Off,Off,Off,251.1,1,Off,On
54,YSR-Trivandrum,145.225,144.625,A-Analog,Low,12.5K,Off,Off,All CALL,Private Call,16776415,VU0AAA,Off,Carrier,Off,1,1,1,Off,1,1,None,None,Off,Off,Off,Off,Normal Encryption,Off,Off,Off,Off,251.1,1,Off,On
55,RFF-Wynad,144.145,144.745,A-Analog,Low,12.5K,Off,Off,All CALL,Private Call,16776415,VU0AAA,Off,Carrier,Off,1,1,1,Off,1,1,None,None,Off,Off,Off,Off,Normal Encryption,Off,Off,Off,Off,251.1,1,Off,On
56,MEP-Erranakulam,144.8,144.2,A-Analog,Low,12.5K,Off,Off,All CALL,Private Call,16776415,VU0AAA,Off,Carrier,Off,1,1,1,Off,1,1,None,None,Off,Off,Off,Off,Normal Encryption,Off,Off,Off,Off,251.1,1,Off,On
57,TWC-Thissur,144.2,144.8,A-Analog,Low,12.5K,Off,Off,All CALL,Private Call,16776415,VU0AAA,Off,Carrier,Off,1,1,1,Off,1,1,None,None,Off,Off,Off,Off,Normal Encryption,Off,Off,Off,Off,251.1,1,Off,On
58,GWR-Gwalior,145,145.6,A-Analog,Low,12.5K,Off,Off,All CALL,Private Call,16776415,VU0AAA,Off,Carrier,Off,1,1,1,Off,1,1,None,None,Off,Off,Off,Off,Normal Encryption,Off,Off,Off,Off,251.1,1,Off,On
59,BBB- Mumbai,145,145.6,A-Analog,Low,12.5K,Off,Off,All CALL,Private Call,16776415,VU0AAA,Off,Carrier,Off,1,1,1,Off,1,1,None,None,Off,Off,Off,Off,Normal Encryption,Off,Off,Off,Off,251.1,1,Off,On
60,BPB-W.Mumbai,145.4,144.8,A-Analog,Low,12.5K,Off,Off,All CALL,Private Call,16776415,VU0AAA,Off,Carrier,Off,1,1,1,Off,1,1,None,None,Off,Off,Off,Off,Normal Encryption,Off,Off,Off,Off,251.1,1,Off,On
61,ST-S.Mumbai,144.1,144.7,A-Analog,Low,12.5K,Off,Off,All CALL,Private Call,16776415,VU0AAA,Off,Carrier,Off,1,1,1,Off,1,1,None,None,Off,Off,Off,Off,Normal Encryption,Off,Off,Off,Off,251.1,1,Off,On
62,ETD-Pune,144.8,144.2,A-Analog,Low,12.5K,Off,Off,All CALL,Private Call,16776415,VU0AAA,Off,Carrier,Off,1,1,1,Off,1,1,None,None,Off,Off,Off,Off,Normal Encryption,Off,Off,Off,Off,251.1,1,Off,On
63,PHA-Pune,145.1,145.7,A-Analog,Low,12.5K,Off,Off,All CALL,Private Call,16776415,VU0AAA,Off,Carrier,Off,1,1,1,Off,1,1,None,None,Off,Off,Off,Off,Normal Encryption,Off,Off,Off,Off,251.1,1,Off,On
64,SZA-Pune,145,144.9,A-Analog,Low,12.5K,Off,Off,All CALL,Private Call,16776415,VU0AAA,Off,Carrier,Off,1,1,1,Off,1,1,None,None,Off,Off,Off,Off,Normal Encryption,Off,Off,Off,Off,251.1,1,Off,On
65,DYW-Pune,434.1,435.7,A-Analog,Low,12.5K,Off,Off,All CALL,Private Call,16776415,VU0AAA,Off,Carrier,Off,1,1,1,Off,1,1,None,None,Off,Off,Off,Off,Normal Encryption,Off,Off,Off,Off,251.1,1,Off,On
66,EQG-Pune,145.5,144.9,A-Analog,Low,12.5K,Off,Off,All CALL,Private Call,16776415,VU0AAA,Off,Carrier,Off,1,1,1,Off,1,1,None,None,Off,Off,Off,Off,Normal Encryption,Off,Off,Off,Off,251.1,1,Off,On
67,WMF-Sironi,145.6,145,A-Analog,Low,12.5K,Off,Off,All CALL,Private Call,16776415,VU0AAA,Off,Carrier,Off,1,1,1,Off,1,1,None,None,Off,Off,Off,Off,Normal Encryption,Off,Off,Off,Off,251.1,1,Off,On
68,EBU-Sironi,434.2,435.8,D-Digital,Low,12.5K,Off,Off,All CALL,Private Call,16776415,VU0AAA,Always,Carrier,Off,1,1,1,Off,1,1,None,None,Off,Off,Off,Off,Normal Encryption,Off,Off,Off,Off,251.1,1,Off,On
69,LHS-Chennai,145.55,144.95,A-Analog,Low,12.5K,Off,Off,All CALL,Private Call,16776415,VU0AAA,Off,Carrier,Off,1,1,1,Off,1,1,None,None,Off,Off,Off,Off,Normal Encryption,Off,Off,Off,Off,251.1,1,Off,On
70,MRR-Chennai,145.775,145.175,A-Analog,Low,12.5K,Off,Off,All CALL,Private Call,16776415,VU0AAA,Off,Carrier,Off,1,1,1,Off,1,1,None,None,Off,Off,Off,Off,Normal Encryption,Off,Off,Off,Off,251.1,1,Off,On
71,PUM-Chennai,145.6,145,A-Analog,Low,12.5K,Off,Off,All CALL,Private Call,16776415,VU0AAA,Off,Carrier,Off,1,1,1,Off,1,1,None,None,Off,Off,Off,Off,Normal Encryption,Off,Off,Off,Off,251.1,1,Off,On
72,MVR-Chennai,145.675,145.075,A-Analog,Low,12.5K,Off,Off,All CALL,Private Call,16776415,VU0AAA,Off,Carrier,Off,1,1,1,Off,1,1,None,None,Off,Off,Off,Off,Normal Encryption,Off,Off,Off,Off,251.1,1,Off,On
73,RPT-Coimbatore,145.8,145.2,A-Analog,Low,12.5K,Off,Off,All CALL,Private Call,16776415,VU0AAA,Off,Carrier,Off,1,1,1,Off,1,1,None,None,Off,Off,Off,Off,Normal Encryption,Off,Off,Off,Off,251.1,1,Off,On
74,DND-Kavarakal,144.93,145.53,A-Analog,Low,12.5K,Off,Off,All CALL,Private Call,16776415,VU0AAA,Off,Carrier,Off,1,1,1,Off,1,1,None,None,Off,Off,Off,Off,Normal Encryption,Off,Off,Off,Off,251.1,1,Off,On
75,KOD-Kodaikanal,145.15,144.55,A-Analog,Low,12.5K,Off,Off,All CALL,Private Call,16776415,VU0AAA,Off,Carrier,Off,1,1,1,Off,1,1,None,None,Off,Off,Off,Off,Normal Encryption,Off,Off,Off,Off,251.1,1,Off,On
76,UDT-Udumalpet,144.9,144.3,A-Analog,Low,12.5K,Off,Off,All CALL,Private Call,16776415,VU0AAA,Off,Carrier,Off,1,1,1,Off,1,1,None,None,Off,Off,Off,Off,Normal Encryption,Off,Off,Off,Off,251.1,1,Off,On
77,EOD-Erode,145.375,144.775,A-Analog,Low,12.5K,Off,Off,All CALL,Private Call,16776415,VU0AAA,Off,Carrier,Off,1,1,1,Off,1,1,None,None,Off,Off,Off,Off,Normal Encryption,Off,Off,Off,Off,251.1,1,Off,On
78,LEU-Kanyakumari,145.85,145.25,A-Analog,Low,12.5K,Off,Off,All CALL,Private Call,16776415,VU0AAA,Off,Carrier,Off,1,1,1,Off,1,1,None,None,Off,Off,Off,Off,Normal Encryption,Off,Off,Off,Off,251.1,1,Off,On
79,TCD-Namakkal,145.125,145.725,A-Analog,Low,12.5K,Off,Off,All CALL,Private Call,16776415,VU0AAA,Off,Carrier,Off,1,1,1,Off,1,1,None,None,Off,Off,Off,Off,Normal Encryption,Off,Off,Off,Off,251.1,1,Off,On
80,CPI-Yercaud,145.85,145.25,A-Analog,Low,12.5K,Off,Off,All CALL,Private Call,16776415,VU0AAA,Off,Carrier,Off,1,1,1,Off,1,1,None,None,Off,Off,Off,Off,Normal Encryption,Off,Off,Off,Off,251.1,1,Off,On
81,RMY-Virudhunagar,145.6,145,A-Analog,Low,12.5K,Off,Off,All CALL,Private Call,16776415,VU0AAA,Off,Carrier,Off,1,1,1,Off,1,1,None,None,Off,Off,Off,Off,Normal Encryption,Off,Off,Off,Off,251.1,1,Off,On
82,XIS-Chennai,145.375,145.775,A-Analog,Low,12.5K,Off,Off,All CALL,Private Call,16776415,VU0AAA,Off,Carrier,Off,1,1,1,Off,1,1,None,None,Off,Off,Off,Off,Normal Encryption,Off,Off,Off,Off,251.1,1,Off,On
83,VGC-Chennai,145.575,144.975,A-Analog,Low,12.5K,Off,Off,All CALL,Private Call,16776415,VU0AAA,Off,Carrier,Off,1,1,1,Off,1,1,None,None,Off,Off,Off,Off,Normal Encryption,Off,Off,Off,Off,251.1,1,Off,On
84,AOT-Coimbatore,145.75,145.15,A-Analog,Low,12.5K,Off,Off,All CALL,Private Call,16776415,VU0AAA,Off,Carrier,Off,1,1,1,Off,1,1,None,None,Off,Off,Off,Off,Normal Encryption,Off,Off,Off,Off,251.1,1,Off,On
85,IRT-Nilgiris,144.975,144.375,A-Analog,Low,12.5K,Off,Off,All CALL,Private Call,16776415,VU0AAA,Off,Carrier,Off,1,1,1,Off,1,1,None,None,Off,Off,Off,Off,Normal Encryption,Off,Off,Off,Off,251.1,1,Off,On
86,ECS-Ramanathapur,145.55,144.95,A-Analog,Low,12.5K,Off,Off,All CALL,Private Call,16776415,VU0AAA,Off,Carrier,Off,1,1,1,Off,1,1,None,None,Off,Off,Off,Off,Normal Encryption,Off,Off,Off,Off,251.1,1,Off,On
87,POC-Yercaud,434.95,433.35,A-Analog,Low,12.5K,Off,Off,All CALL,Private Call,16776415,VU0AAA,Off,Carrier,Off,1,1,1,Off,1,1,None,None,Off,Off,Off,Off,Normal Encryption,Off,Off,Off,Off,251.1,1,Off,On
88,YCD-Salem,145.55,144.95,A-Analog,Low,12.5K,Off,Off,All CALL,Private Call,16776415,VU0AAA,Off,Carrier,Off,1,1,1,Off,1,1,None,None,Off,Off,Off,Off,Normal Encryption,Off,Off,Off,Off,251.1,1,Off,On
89,TJR-Thanjavur,145.85,145.25,A-Analog,Low,12.5K,Off,Off,All CALL,Private Call,16776415,VU0AAA,Off,Carrier,Off,1,1,1,Off,1,1,None,None,Off,Off,Off,Off,Normal Encryption,Off,Off,Off,Off,251.1,1,Off,On
90,KJO-Thoothukudi,145.675,145.075,A-Analog,Low,12.5K,Off,Off,All CALL,Private Call,16776415,VU0AAA,Off,Carrier,Off,1,1,1,Off,1,1,None,None,Off,Off,Off,Off,Normal Encryption,Off,Off,Off,Off,251.1,1,Off,On
91,VCM-Vellore,145.475,144.875,A-Analog,Low,12.5K,Off,Off,All CALL,Private Call,16776415,VU0AAA,Off,Carrier,Off,1,1,1,Off,1,1,None,None,Off,Off,Off,Off,Normal Encryption,Off,Off,Off,Off,251.1,1,Off,On
92,LHR-Hyderabad,145.6,145,A-Analog,Low,12.5K,Off,Off,All CALL,Private Call,16776415,VU0AAA,Off,Carrier,Off,1,1,1,Off,1,1,None,None,Off,Off,Off,Off,Normal Encryption,Off,Off,Off,Off,251.1,1,Off,On
93,SDZ-NIAR HYD,144.72,145.32,A-Analog,Low,12.5K,Off,Off,All CALL,Private Call,16776415,VU0AAA,Off,Carrier,Off,1,1,1,Off,1,1,None,None,Off,Off,Off,Off,Normal Encryption,Off,Off,Off,Off,251.1,1,Off,On
94,DLR-Noida,145.6,145,A-Analog,Low,12.5K,Off,Off,All CALL,Private Call,16776415,VU0AAA,Off,Carrier,Off,1,1,1,Off,1,1,None,None,Off,Off,Off,Off,Normal Encryption,Off,Off,Off,Off,251.1,1,Off,On
95,TRJ-Agartala,144.725,144.125,A-Analog,Low,12.5K,Off,Off,All CALL,Private Call,16776415,VU0AAA,Off,Carrier,Off,1,1,1,Off,1,1,None,None,Off,Off,Off,Off,Normal Encryption,Off,Off,Off,Off,251.1,1,Off,On
96,WBR-Kolkata,145,144.4,A-Analog,Low,12.5K,Off,Off,All CALL,Private Call,16776415,VU0AAA,Off,Carrier,Off,1,1,1,Off,1,1,None,None,Off,Off,Off,Off,Normal Encryption,Off,Off,Off,Off,251.1,1,Off,On
97,CVH-Kolkata,145.65,145.05,A-Analog,Low,12.5K,Off,Off,All CALL,Private Call,16776415,VU0AAA,Off,Carrier,Off,1,1,1,Off,1,1,None,None,Off,Off,Off,Off,Normal Encryption,Off,Off,Off,Off,251.1,1,Off,On
98,CVN-Kolkata,145.85,434.5,A-Analog,Low,12.5K,Off,Off,All CALL,Private Call,16776415,VU0AAA,Off,Carrier,Off,1,1,1,Off,1,1,None,None,Off,Off,Off,Off,Normal Encryption,Off,Off,Off,Off,251.1,1,Off,On
99,IWR-Kolkata,145.325,144.725,A-Analog,Low,12.5K,Off,Off,All CALL,Private Call,16776415,VU0AAA,Off,Carrier,Off,1,1,1,Off,1,1,None,None,Off,Off,Off,Off,Normal Encryption,Off,Off,Off,Off,251.1,1,Off,On
100,ISS APRS,145.825,145.825,A-Analog,Low,12.5K,Off,Off,All CALL,Private Call,16776415,VU0AAA,Off,Carrier,Off,1,1,1,Off,1,1,None,None,Off,Off,Off,Off,Normal Encryption,Off,Off,Off,Off,251.1,1,Off,On
101,ISS Repeater,437.8,145.99,A-Analog,Low,12.5K,Off,67,All CALL,Private Call,16776415,VU0AAA,Off,Carrier,Off,1,1,1,Off,1,1,None,None,Off,Off,Off,Off,Normal Encryption,Off,Off,Off,Off,251.1,1,Off,On
102,AO-91,145.96,435.25,A-Analog,Low,12.5K,Off,67,All CALL,Private Call,16776415,VU0AAA,Off,Carrier,Off,1,1,1,Off,1,1,None,None,Off,Off,Off,Off,Normal Encryption,Off,Off,Off,Off,251.1,1,Off,On
103,IO-86,435.88,145.88,A-Analog,Low,12.5K,Off,88.5,All CALL,Private Call,16776415,VU0AAA,Off,Carrier,Off,1,1,1,Off,1,1,None,None,Off,Off,Off,Off,Normal Encryption,Off,Off,Off,Off,251.1,1,Off,On
104,PO-101,145.9,437.5,A-Analog,Low,12.5K,Off,141.3,All CALL,Private Call,16776415,VU0AAA,Off,Carrier,Off,1,1,1,Off,1,1,None,None,Off,Off,Off,Off,Normal Encryption,Off,Off,Off,Off,251.1,1,Off,On
105,INDIA,435.5,435.5,D-Digital,Low,12.5K,Off,Off,INDIA,Group Call,404,VU0AAA,Always,Carrier,Off,1,1,1,Off,1,2,None,None,Off,Off,Off,Off,Normal Encryption,Off,Off,Off,Off,251.1,1,Off,On
106,EMCOM INDIA,435.5,435.5,D-Digital,Low,12.5K,Off,Off,EMCOM INDIA,Group Call,404112,VU0AAA,Always,Carrier,Off,1,1,1,Off,1,2,None,None,Off,Off,Off,Off,Normal Encryption,Off,Off,Off,Off,251.1,1,Off,On
107,AndhraPradesh,435.5,435.5,D-Digital,Low,12.5K,Off,Off,AndhraPradesh,Group Call,40401,VU0AAA,Always,Carrier,Off,1,1,1,Off,1,2,None,None,Off,Off,Off,Off,Normal Encryption,Off,Off,Off,Off,251.1,1,Off,On
108,ArunachalPradesh,435.5,435.5,D-Digital,Low,12.5K,Off,Off,ArunachalPradesh,Group Call,40402,VU0AAA,Always,Carrier,Off,1,1,1,Off,1,2,None,None,Off,Off,Off,Off,Normal Encryption,Off,Off,Off,Off,251.1,1,Off,On
109,Assam,435.5,435.5,D-Digital,Low,12.5K,Off,Off,Assam,Group Call,40403,VU0AAA,Always,Carrier,Off,1,1,1,Off,1,2,None,None,Off,Off,Off,Off,Normal Encryption,Off,Off,Off,Off,251.1,1,Off,On
110,Bihar,435.5,435.5,D-Digital,Low,12.5K,Off,Off,Bihar,Group Call,40404,VU0AAA,Always,Carrier,Off,1,1,1,Off,1,2,None,None,Off,Off,Off,Off,Normal Encryption,Off,Off,Off,Off,251.1,1,Off,On
111,Chattisgarh,435.5,435.5,D-Digital,Low,12.5K,Off,Off,Chattisgarh,Group Call,40405,VU0AAA,Always,Carrier,Off,1,1,1,Off,1,2,None,None,Off,Off,Off,Off,Normal Encryption,Off,Off,Off,Off,251.1,1,Off,On
112,Chandigarh,435.5,435.5,D-Digital,Low,12.5K,Off,Off,Chandigarh,Group Call,40406,VU0AAA,Always,Carrier,Off,1,1,1,Off,1,2,None,None,Off,Off,Off,Off,Normal Encryption,Off,Off,Off,Off,251.1,1,Off,On
113,Kerala,435.5,435.5,D-Digital,Low,12.5K,Off,Off,Kerala,Group Call,40407,VU0AAA,Always,Carrier,Off,1,1,1,Off,1,2,None,None,Off,Off,Off,Off,Normal Encryption,Off,Off,Off,Off,251.1,1,Off,On
114,Goa,435.5,435.5,D-Digital,Low,12.5K,Off,Off,Goa,Group Call,40408,VU0AAA,Always,Carrier,Off,1,1,1,Off,1,2,None,None,Off,Off,Off,Off,Normal Encryption,Off,Off,Off,Off,251.1,1,Off,On
115,Gujarat,435.5,435.5,D-Digital,Low,12.5K,Off,Off,Gujarat,Group Call,40409,VU0AAA,Always,Carrier,Off,1,1,1,Off,1,2,None,None,Off,Off,Off,Off,Normal Encryption,Off,Off,Off,Off,251.1,1,Off,On
116,Haryana,435.5,435.5,D-Digital,Low,12.5K,Off,Off,Haryana,Group Call,40410,VU0AAA,Always,Carrier,Off,1,1,1,Off,1,2,None,None,Off,Off,Off,Off,Normal Encryption,Off,Off,Off,Off,251.1,1,Off,On
117,HimachalPradesh,435.5,435.5,D-Digital,Low,12.5K,Off,Off,HimachalPradesh,Group Call,40411,VU0AAA,Always,Carrier,Off,1,1,1,Off,1,2,None,None,Off,Off,Off,Off,Normal Encryption,Off,Off,Off,Off,251.1,1,Off,On
118,Jammu&Kashmir,435.5,435.5,D-Digital,Low,12.5K,Off,Off,Jammu&Kashmir,Group Call,40412,VU0AAA,Always,Carrier,Off,1,1,1,Off,1,2,None,None,Off,Off,Off,Off,Normal Encryption,Off,Off,Off,Off,251.1,1,Off,On
119,Jharkhand,435.5,435.5,D-Digital,Low,12.5K,Off,Off,Jharkhand,Group Call,40413,VU0AAA,Always,Carrier,Off,1,1,1,Off,1,2,None,None,Off,Off,Off,Off,Normal Encryption,Off,Off,Off,Off,251.1,1,Off,On
120,Karnataka,435.5,435.5,D-Digital,Low,12.5K,Off,Off,Karnataka,Group Call,40414,VU0AAA,Always,Carrier,Off,1,1,1,Off,1,2,None,None,Off,Off,Off,Off,Normal Encryption,Off,Off,Off,Off,251.1,1,Off,On
121,LakshadweepIslan,435.5,435.5,D-Digital,Low,12.5K,Off,Off,LakshadweepIslan,Group Call,40415,VU0AAA,Always,Carrier,Off,1,1,1,Off,1,2,None,None,Off,Off,Off,Off,Normal Encryption,Off,Off,Off,Off,251.1,1,Off,On
122,MadhyaPradesh,435.5,435.5,D-Digital,Low,12.5K,Off,Off,MadhyaPradesh,Group Call,40416,VU0AAA,Always,Carrier,Off,1,1,1,Off,1,2,None,None,Off,Off,Off,Off,Normal Encryption,Off,Off,Off,Off,251.1,1,Off,On
123,Maharashtra,435.5,435.5,D-Digital,Low,12.5K,Off,Off,Maharashtra,Group Call,40417,VU0AAA,Always,Carrier,Off,1,1,1,Off,1,2,None,None,Off,Off,Off,Off,Normal Encryption,Off,Off,Off,Off,251.1,1,Off,On
124,Manipur,435.5,435.5,D-Digital,Low,12.5K,Off,Off,Manipur,Group Call,40418,VU0AAA,Always,Carrier,Off,1,1,1,Off,1,2,None,None,Off,Off,Off,Off,Normal Encryption,Off,Off,Off,Off,251.1,1,Off,On
125,Meghalaya,435.5,435.5,D-Digital,Low,12.5K,Off,Off,Meghalaya,Group Call,40419,VU0AAA,Always,Carrier,Off,1,1,1,Off,1,2,None,None,Off,Off,Off,Off,Normal Encryption,Off,Off,Off,Off,251.1,1,Off,On
126,Mizoram,435.5,435.5,D-Digital,Low,12.5K,Off,Off,Mizoram,Group Call,40420,VU0AAA,Always,Carrier,Off,1,1,1,Off,1,2,None,None,Off,Off,Off,Off,Normal Encryption,Off,Off,Off,Off,251.1,1,Off,On
127,Nagaland,435.5,435.5,D-Digital,Low,12.5K,Off,Off,Nagaland,Group Call,40421,VU0AAA,Always,Carrier,Off,1,1,1,Off,1,2,None,None,Off,Off,Off,Off,Normal Encryption,Off,Off,Off,Off,251.1,1,Off,On
128,Odisha,435.5,435.5,D-Digital,Low,12.5K,Off,Off,Odisha,Group Call,40422,VU0AAA,Always,Carrier,Off,1,1,1,Off,1,2,None,None,Off,Off,Off,Off,Normal Encryption,Off,Off,Off,Off,251.1,1,Off,On
129,Pondicherry,435.5,435.5,D-Digital,Low,12.5K,Off,Off,Pondicherry,Group Call,40423,VU0AAA,Always,Carrier,Off,1,1,1,Off,1,2,None,None,Off,Off,Off,Off,Normal Encryption,Off,Off,Off,Off,251.1,1,Off,On
130,Punjab,435.5,435.5,D-Digital,Low,12.5K,Off,Off,Punjab,Group Call,40424,VU0AAA,Always,Carrier,Off,1,1,1,Off,1,2,None,None,Off,Off,Off,Off,Normal Encryption,Off,Off,Off,Off,251.1,1,Off,On
131,Rajasthan,435.5,435.5,D-Digital,Low,12.5K,Off,Off,Rajasthan,Group Call,40425,VU0AAA,Always,Carrier,Off,1,1,1,Off,1,2,None,None,Off,Off,Off,Off,Normal Encryption,Off,Off,Off,Off,251.1,1,Off,On
132,Sikkim,435.5,435.5,D-Digital,Low,12.5K,Off,Off,Sikkim,Group Call,40426,VU0AAA,Always,Carrier,Off,1,1,1,Off,1,2,None,None,Off,Off,Off,Off,Normal Encryption,Off,Off,Off,Off,251.1,1,Off,On
133,TamilNadu,435.5,435.5,D-Digital,Low,12.5K,Off,Off,TamilNadu,Group Call,40427,VU0AAA,Always,Carrier,Off,1,1,1,Off,1,2,None,None,Off,Off,Off,Off,Normal Encryption,Off,Off,Off,Off,251.1,1,Off,On
134,Telangana,435.5,435.5,D-Digital,Low,12.5K,Off,Off,Telangana,Group Call,40428,VU0AAA,Always,Carrier,Off,1,1,1,Off,1,2,None,None,Off,Off,Off,Off,Normal Encryption,Off,Off,Off,Off,251.1,1,Off,On
135,Tripura,435.5,435.5,D-Digital,Low,12.5K,Off,Off,Tripura,Group Call,40429,VU0AAA,Always,Carrier,Off,1,1,1,Off,1,2,None,None,Off,Off,Off,Off,Normal Encryption,Off,Off,Off,Off,251.1,1,Off,On
136,Delhi,435.5,435.5,D-Digital,Low,12.5K,Off,Off,Delhi,Group Call,40430,VU0AAA,Always,Carrier,Off,1,1,1,Off,1,2,None,None,Off,Off,Off,Off,Normal Encryption,Off,Off,Off,Off,251.1,1,Off,On
137,UttarPradesh,435.5,435.5,D-Digital,Low,12.5K,Off,Off,UttarPradesh,Group Call,40431,VU0AAA,Always,Carrier,Off,1,1,1,Off,1,2,None,None,Off,Off,Off,Off,Normal Encryption,Off,Off,Off,Off,251.1,1,Off,On
138,Uttarakhand,435.5,435.5,D-Digital,Low,12.5K,Off,Off,Uttarakhand,Group Call,40432,VU0AAA,Always,Carrier,Off,1,1,1,Off,1,2,None,None,Off,Off,Off,Off,Normal Encryption,Off,Off,Off,Off,251.1,1,Off,On
139,WestBengal,435.5,435.5,D-Digital,Low,12.5K,Off,Off,WestBengal,Group Call,40433,VU0AAA,Always,Carrier,Off,1,1,1,Off,1,2,None,None,Off,Off,Off,Off,Normal Encryption,Off,Off,Off,Off,251.1,1,Off,On
140,Andaman & Nicoba,435.5,435.5,D-Digital,Low,12.5K,Off,Off,Andaman & Nicoba,Group Call,40434,VU0AAA,Always,Carrier,Off,1,1,1,Off,1,2,None,None,Off,Off,Off,Off,Normal Encryption,Off,Off,Off,Off,251.1,1,Off,On
141,Dadra & Nagar Ha,435.5,435.5,D-Digital,Low,12.5K,Off,Off,Dadra & Nagar Ha,Group Call,40435,VU0AAA,Always,Carrier,Off,1,1,1,Off,1,2,None,None,Off,Off,Off,Off,Normal Encryption,Off,Off,Off,Off,251.1,1,Off,On
142,Daman & Diu,435.5,435.5,D-Digital,Low,12.5K,Off,Off,Daman & Diu,Group Call,40436,VU0AAA,Always,Carrier,Off,1,1,1,Off,1,2,None,None,Off,Off,Off,Off,Normal Encryption,Off,Off,Off,Off,251.1,1,Off,On
143,Ladakh,435.5,435.5,D-Digital,Low,12.5K,Off,Off,Ladakh,Group Call,40437,VU0AAA,Always,Carrier,Off,1,1,1,Off,1,2,None,None,Off,Off,Off,Off,Normal Encryption,Off,Off,Off,Off,251.1,1,Off,On
144,Hyderabad,435.5,435.5,D-Digital,Low,12.5K,Off,Off,Hyderabad,Group Call,40450,VU0AAA,Always,Carrier,Off,1,1,1,Off,1,2,None,None,Off,Off,Off,Off,Normal Encryption,Off,Off,Off,Off,251.1,1,Off,On
145,Visakhapatnam,435.5,435.5,D-Digital,Low,12.5K,Off,Off,Visakhapatnam,Group Call,40470,VU0AAA,Always,Carrier,Off,1,1,1,Off,1,2,None,None,Off,Off,Off,Off,Normal Encryption,Off,Off,Off,Off,251.1,1,Off,On
146,Bangalore,435.5,435.5,D-Digital,Low,12.5K,Off,Off,Bangalore,Group Call,40480,VU0AAA,Always,Carrier,Off,1,1,1,Off,1,2,None,None,Off,Off,Off,Off,Normal Encryption,Off,Off,Off,Off,251.1,1,Off,On
147,India Radio Test,435.5,435.5,D-Digital,Low,12.5K,Off,Off,India Radio Test,Group Call,40498,VU0AAA,Always,Carrier,Off,1,1,1,Off,1,2,None,None,Off,Off,Off,Off,Normal Encryption,Off,Off,Off,Off,251.1,1,Off,On
148,Peanut YSF INDIA,435.5,435.5,D-Digital,Low,12.5K,Off,Off,Peanut YSF INDIA,Group Call,404004,VU0AAA,Always,Carrier,Off,1,1,1,Off,1,2,None,None,Off,Off,Off,Off,Normal Encryption,Off,Off,Off,Off,251.1,1,Off,On
149,YSF INDIA,435.5,435.5,D-Digital,Low,12.5K,Off,Off,YSF INDIA,Group Call,7008338,VU0AAA,Always,Carrier,Off,1,1,1,Off,1,2,None,None,Off,Off,Off,Off,Normal Encryption,Off,Off,Off,Off,251.1,1,Off,On
150,Parrot EchoTest,435.5,435.5,D-Digital,Low,12.5K,Off,Off,Parrot EchoTest,Private Call,9990,VU0AAA,Always,Carrier,Off,1,1,1,Off,1,2,None,None,Off,Off,Off,Off,Normal Encryption,Off,Off,Off,Off,251.1,1,Off,On
151,W-W Maritime,435.5,435.5,D-Digital,Low,12.5K,Off,Off,WW-Marinetime,Group Call,9101,VU0AAA,Always,Carrier,Off,1,1,1,Off,1,2,None,None,Off,Off,Off,Off,Normal Encryption,Off,Off,Off,Off,251.1,1,Off,On
152,W-W Avation,435.5,435.5,D-Digital,Low,12.5K,Off,Off,WW-Avation,Group Call,9102,VU0AAA,Always,Carrier,Off,1,1,1,Off,1,2,None,None,Off,Off,Off,Off,Normal Encryption,Off,Off,Off,Off,251.1,1,Off,On
153,Reddit,435.5,435.5,D-Digital,Low,12.5K,Off,Off,Reddit,Group Call,98003,VU0AAA,Always,Carrier,Off,1,1,1,Off,1,2,None,None,Off,Off,Off,Off,Normal Encryption,Off,Off,Off,Off,251.1,1,Off,On
154,AMSAT,435.5,435.5,D-Digital,Low,12.5K,Off,Off,AMSAT,Group Call,98006,VU0AAA,Always,Carrier,Off,1,1,1,Off,1,2,None,None,Off,Off,Off,Off,Normal Encryption,Off,Off,Off,Off,251.1,1,Off,On
155,World-wide,435.5,435.5,D-Digital,Low,12.5K,Off,Off,World-wide,Group Call,91,VU0AAA,Always,Carrier,Off,1,1,1,Off,1,2,None,None,Off,Off,Off,Off,Normal Encryption,Off,Off,Off,Off,251.1,1,Off,On
156,Europe,435.5,435.5,D-Digital,Low,12.5K,Off,Off,Europe,Group Call,92,VU0AAA,Always,Carrier,Off,1,1,1,Off,1,2,None,None,Off,Off,Off,Off,Normal Encryption,Off,Off,Off,Off,251.1,1,Off,On
157,North America,435.5,435.5,D-Digital,Low,12.5K,Off,Off,North America,Group Call,93,VU0AAA,Always,Carrier,Off,1,1,1,Off,1,2,None,None,Off,Off,Off,Off,Normal Encryption,Off,Off,Off,Off,251.1,1,Off,On
158,"Asia, M East",435.5,435.5,D-Digital,Low,12.5K,Off,Off,"Asia,Meast",Group Call,94,VU0AAA,Always,Carrier,Off,1,1,1,Off,1,2,None,None,Off,Off,Off,Off,Normal Encryption,Off,Off,Off,Off,251.1,1,Off,On
159,"Australia,NewZ",435.5,435.5,D-Digital,Low,12.5K,Off,Off,"Australia,NewZ",Group Call,95,VU0AAA,Always,Carrier,Off,1,1,1,Off,1,2,None,None,Off,Off,Off,Off,Normal Encryption,Off,Off,Off,Off,251.1,1,Off,On
160,Radio Test,435.5,435.5,D-Digital,Low,12.5K,Off,Off,Radio Test,Group Call,98,VU0AAA,Always,Carrier,Off,1,1,1,Off,1,2,None,None,Off,Off,Off,Off,Normal Encryption,Off,Off,Off,Off,251.1,1,Off,On
161,WW Tac 1,435.5,435.5,D-Digital,Low,12.5K,Off,Off,WW Tac 1,Group Call,901,VU0AAA,Always,Carrier,Off,1,1,1,Off,1,2,None,None,Off,Off,Off,Off,Normal Encryption,Off,Off,Off,Off,251.1,1,Off,On
162,WW Tac 2,435.5,435.5,D-Digital,Low,12.5K,Off,Off,WW Tac 2,Group Call,902,VU0AAA,Always,Carrier,Off,1,1,1,Off,1,2,None,None,Off,Off,Off,Off,Normal Encryption,Off,Off,Off,Off,251.1,1,Off,On
163,WW Tac 3,435.5,435.5,D-Digital,Low,12.5K,Off,Off,WW Tac 3,Group Call,903,VU0AAA,Always,Carrier,Off,1,1,1,Off,1,2,None,None,Off,Off,Off,Off,Normal Encryption,Off,Off,Off,Off,251.1,1,Off,On
164,JOTA,435.5,435.5,D-Digital,Low,12.5K,Off,Off,JOTA,Group Call,907,VU0AAA,Always,Carrier,Off,1,1,1,Off,1,2,None,None,Off,Off,Off,Off,Normal Encryption,Off,Off,Off,Off,251.1,1,Off,On
165,German,435.5,435.5,D-Digital,Low,12.5K,Off,Off,German,Group Call,910,VU0AAA,Always,Carrier,Off,1,1,1,Off,1,2,None,None,Off,Off,Off,Off,Normal Encryption,Off,Off,Off,Off,251.1,1,Off,On
166,English,435.5,435.5,D-Digital,Low,12.5K,Off,Off,English,Group Call,913,VU0AAA,Always,Carrier,Off,1,1,1,Off,1,2,None,None,Off,Off,Off,Off,Normal Encryption,Off,Off,Off,Off,251.1,1,Off,On
167,Spanish,435.5,435.5,D-Digital,Low,12.5K,Off,Off,Spanish,Group Call,914,VU0AAA,Always,Carrier,Off,1,1,1,Off,1,2,None,None,Off,Off,Off,Off,Normal Encryption,Off,Off,Off,Off,251.1,1,Off,On
168,Portuguese,435.5,435.5,D-Digital,Low,12.5K,Off,Off,Portuguese,Group Call,915,VU0AAA,Always,Carrier,Off,1,1,1,Off,1,2,None,None,Off,Off,Off,Off,Normal Encryption,Off,Off,Off,Off,251.1,1,Off,On
169,Italian,435.5,435.5,D-Digital,Low,12.5K,Off,Off,Italian,Group Call,916,VU0AAA,Always,Carrier,Off,1,1,1,Off,1,2,None,None,Off,Off,Off,Off,Normal Encryption,Off,Off,Off,Off,251.1,1,Off,On
170,YOTA,435.5,435.5,D-Digital,Low,12.5K,Off,Off,YOTA,Group Call,918,VU0AAA,Always,Carrier,Off,1,1,1,Off,1,2,None,None,Off,Off,Off,Off,Normal Encryption,Off,Off,Off,Off,251.1,1,Off,On
171,"DL, OE, HB9",435.5,435.5,D-Digital,Low,12.5K,Off,Off,"DL, OE, HB9",Group Call,920,VU0AAA,Always,Carrier,Off,1,1,1,Off,1,2,None,None,Off,Off,Off,Off,Normal Encryption,Off,Off,Off,Off,251.1,1,Off,On
172,Dutch,435.5,435.5,D-Digital,Low,12.5K,Off,Off,Dutch,Group Call,922,VU0AAA,Always,Carrier,Off,1,1,1,Off,1,2,None,None,Off,Off,Off,Off,Normal Encryption,Off,Off,Off,Off,251.1,1,Off,On
173,European English,435.5,435.5,D-Digital,Low,12.5K,Off,Off,European English,Group Call,923,VU0AAA,Always,Carrier,Off,1,1,1,Off,1,2,None,None,Off,Off,Off,Off,Normal Encryption,Off,Off,Off,Off,251.1,1,Off,On
174,Swedish,435.5,435.5,D-Digital,Low,12.5K,Off,Off,Swedish,Group Call,924,VU0AAA,Always,Carrier,Off,1,1,1,Off,1,2,None,None,Off,Off,Off,Off,Normal Encryption,Off,Off,Off,Off,251.1,1,Off,On
175,Nordic,435.5,435.5,D-Digital,Low,12.5K,Off,Off,Nordic,Group Call,927,VU0AAA,Always,Carrier,Off,1,1,1,Off,1,2,None,None,Off,Off,Off,Off,Normal Encryption,Off,Off,Off,Off,251.1,1,Off,On
176,PanHellenic Chat,435.5,435.5,D-Digital,Low,12.5K,Off,Off,PanHellenic Chat,Group Call,930,VU0AAA,Always,Carrier,Off,1,1,1,Off,1,2,None,None,Off,Off,Off,Off,Normal Encryption,Off,Off,Off,Off,251.1,1,Off,On
177,Francophonie,435.5,435.5,D-Digital,Low,12.5K,Off,Off,Francophonie,Group Call,937,VU0AAA,Always,Carrier,Off,1,1,1,Off,1,2,None,None,Off,Off,Off,Off,Normal Encryption,Off,Off,Off,Off,251.1,1,Off,On
178,Arabic,435.5,435.5,D-Digital,Low,12.5K,Off,Off,Arabic,Group Call,940,VU0AAA,Always,Carrier,Off,1,1,1,Off,1,2,None,None,Off,Off,Off,Off,Normal Encryption,Off,Off,Off,Off,251.1,1,Off,On
179,WWYL,435.5,435.5,D-Digital,Low,12.5K,Off,Off,WWYL,Group Call,955,VU0AAA,Always,Carrier,Off,1,1,1,Off,1,2,None,None,Off,Off,Off,Off,Normal Encryption,Off,Off,Off,Off,251.1,1,Off,On
180,DMR-Caribbean,435.5,435.5,D-Digital,Low,12.5K,Off,Off,DMR-Caribbean,Group Call,969,VU0AAA,Always,Carrier,Off,1,1,1,Off,1,2,None,None,Off,Off,Off,Off,Normal Encryption,Off,Off,Off,Off,251.1,1,Off,On
181,Basque,435.5,435.5,D-Digital,Low,12.5K,Off,Off,Basque,Group Call,971,VU0AAA,Always,Carrier,Off,1,1,1,Off,1,2,None,None,Off,Off,Off,Off,Normal Encryption,Off,Off,Off,Off,251.1,1,Off,On
182,SOTA,435.5,435.5,D-Digital,Low,12.5K,Off,Off,SOTA,Group Call,973,VU0AAA,Always,Carrier,Off,1,1,1,Off,1,2,None,None,Off,Off,Off,Off,Normal Encryption,Off,Off,Off,Off,251.1,1,Off,On
183,JOTA Tac 1,435.5,435.5,D-Digital,Low,12.5K,Off,Off,JOTA Tac 1,Group Call,9071,VU0AAA,Always,Carrier,Off,1,1,1,Off,1,2,None,None,Off,Off,Off,Off,Normal Encryption,Off,Off,Off,Off,251.1,1,Off,On
184,JOTA Tac 2,435.5,435.5,D-Digital,Low,12.5K,Off,Off,JOTA Tac 2,Group Call,9072,VU0AAA,Always,Carrier,Off,1,1,1,Off,1,2,None,None,Off,Off,Off,Off,Normal Encryption,Off,Off,Off,Off,251.1,1,Off,On
185,JOTA Tac 3,435.5,435.5,D-Digital,Low,12.5K,Off,Off,JOTA Tac 3,Group Call,9073,VU0AAA,Always,Carrier,Off,1,1,1,Off,1,2,None,None,Off,Off,Off,Off,Normal Encryption,Off,Off,Off,Off,251.1,1,Off,On
186,JOTA Tac 4,435.5,435.5,D-Digital,Low,12.5K,Off,Off,JOTA Tac 4,Group Call,9074,VU0AAA,Always,Carrier,Off,1,1,1,Off,1,2,None,None,Off,Off,Off,Off,Normal Encryption,Off,Off,Off,Off,251.1,1,Off,On
187,JOTA Tac 5,435.5,435.5,D-Digital,Low,12.5K,Off,Off,JOTA Tac 5,Group Call,9075,VU0AAA,Always,Carrier,Off,1,1,1,Off,1,2,None,None,Off,Off,Off,Off,Normal Encryption,Off,Off,Off,Off,251.1,1,Off,On
188,JOTA Tac 6,435.5,435.5,D-Digital,Low,12.5K,Off,Off,JOTA Tac 6,Group Call,9076,VU0AAA,Always,Carrier,Off,1,1,1,Off,1,2,None,None,Off,Off,Off,Off,Normal Encryption,Off,Off,Off,Off,251.1,1,Off,On
189,JOTA Tac 7,435.5,435.5,D-Digital,Low,12.5K,Off,Off,JOTA Tac 7,Group Call,9077,VU0AAA,Always,Carrier,Off,1,1,1,Off,1,2,None,None,Off,Off,Off,Off,Normal Encryption,Off,Off,Off,Off,251.1,1,Off,On
190,JOTA Tac 8,435.5,435.5,D-Digital,Low,12.5K,Off,Off,JOTA Tac 8,Group Call,9078,VU0AAA,Always,Carrier,Off,1,1,1,Off,1,2,None,None,Off,Off,Off,Off,Normal Encryption,Off,Off,Off,Off,251.1,1,Off,On
191,XRF007 B,435.5,435.5,D-Digital,Low,12.5K,Off,Off,XRF007 B,Group Call,9107,VU0AAA,Always,Carrier,Off,1,1,1,Off,1,2,None,None,Off,Off,Off,Off,Normal Encryption,Off,Off,Off,Off,251.1,1,Off,On
192,Emcom EU,435.5,435.5,D-Digital,Low,12.5K,Off,Off,Emcom EU,Group Call,9112,VU0AAA,Always,Carrier,Off,1,1,1,Off,1,2,None,None,Off,Off,Off,Off,Normal Encryption,Off,Off,Off,Off,251.1,1,Off,On
193,EURAO,435.5,435.5,D-Digital,Low,12.5K,Off,Off,EURAO,Group Call,9201,VU0AAA,Always,Carrier,Off,1,1,1,Off,1,2,None,None,Off,Off,Off,Off,Normal Encryption,Off,Off,Off,Off,251.1,1,Off,On
194,Francophonie C4F,435.5,435.5,D-Digital,Low,12.5K,Off,Off,Francophonie C4F,Group Call,9371,VU0AAA,Always,Carrier,Off,1,1,1,Off,1,2,None,None,Off,Off,Off,Off,Normal Encryption,Off,Off,Off,Off,251.1,1,Off,On
195,ATV Talk,435.5,435.5,D-Digital,Low,12.5K,Off,Off,ATV Talk,Group Call,9410,VU0AAA,Always,Carrier,Off,1,1,1,Off,1,2,None,None,Off,Off,Off,Off,Normal Encryption,Off,Off,Off,Off,251.1,1,Off,On
196,ICQ Podcast,435.5,435.5,D-Digital,Low,12.5K,Off,Off,ICQ Podcast,Group Call,9480,VU0AAA,Always,Carrier,Off,1,1,1,Off,1,2,None,None,Off,Off,Off,Off,Normal Encryption,Off,Off,Off,Off,251.1,1,Off,On
197,Collegiate,435.5,435.5,D-Digital,Low,12.5K,Off,Off,Collegiate,Group Call,9500,VU0AAA,Always,Carrier,Off,1,1,1,Off,1,2,None,None,Off,Off,Off,Off,Normal Encryption,Off,Off,Off,Off,251.1,1,Off,On
198,Cafe Gratis,435.5,435.5,D-Digital,Low,12.5K,Off,Off,Cafe Gratis,Group Call,9800,VU0AAA,Always,Carrier,Off,1,1,1,Off,1,2,None,None,Off,Off,Off,Off,Normal Encryption,Off,Off,Off,Off,251.1,1,Off,On
199,Emcom US,435.5,435.5,D-Digital,Low,12.5K,Off,Off,Emcom US,Group Call,9911,VU0AAA,Always,Carrier,Off,1,1,1,Off,1,2,None,None,Off,Off,Off,Off,Normal Encryption,Off,Off,Off,Off,251.1,1,Off,On
200,Marines RNLMC,435.5,435.5,D-Digital,Low,12.5K,Off,Off,Marines RNLMC,Group Call,91665,VU0AAA,Always,Carrier,Off,1,1,1,Off,1,2,None,None,Off,Off,Off,Off,Normal Encryption,Off,Off,Off,Off,251.1,1,Off,On
201,Global NorCal 51,435.5,435.5,D-Digital,Low,12.5K,Off,Off,Global NorCal 51,Group Call,95150,VU0AAA,Always,Carrier,Off,1,1,1,Off,1,2,None,None,Off,Off,Off,Off,Normal Encryption,Off,Off,Off,Off,251.1,1,Off,On
202,Red Americas EM,435.5,435.5,D-Digital,Low,12.5K,Off,Off,Red Americas EM,Group Call,97911,VU0AAA,Always,Carrier,Off,1,1,1,Off,1,2,None,None,Off,Off,Off,Off,Normal Encryption,Off,Off,Off,Off,251.1,1,Off,On
203,Military Veteran,435.5,435.5,D-Digital,Low,12.5K,Off,Off,Military Veteran,Group Call,98008,VU0AAA,Always,Carrier,Off,1,1,1,Off,1,2,None,None,Off,Off,Off,Off,Normal Encryption,Off,Off,Off,Off,251.1,1,Off,On
204,LBGTQ,435.5,435.5,D-Digital,Low,12.5K,Off,Off,LBGTQ,Group Call,98012,VU0AAA,Always,Carrier,Off,1,1,1,Off,1,2,None,None,Off,Off,Off,Off,Normal Encryption,Off,Off,Off,Off,251.1,1,Off,On
205,WVNET,435.5,435.5,D-Digital,Low,12.5K,Off,Off,WVNET,Group Call,98638,VU0AAA,Always,Carrier,Off,1,1,1,Off,1,2,None,None,Off,Off,Off,Off,Normal Encryption,Off,Off,Off,Off,251.1,1,Off,On
206,UAE,435.5,435.5,D-Digital,Low,12.5K,Off,Off,UAE,Group Call,430,VU0AAA,Always,Carrier,Off,1,1,1,Off,1,2,None,None,Off,Off,Off,Off,Normal Encryption,Off,Off,Off,Off,251.1,1,Off,On
207,Argentina,435.5,435.5,D-Digital,Low,12.5K,Off,Off,Argentina,Group Call,722,VU0AAA,Always,Carrier,Off,1,1,1,Off,1,2,None,None,Off,Off,Off,Off,Normal Encryption,Off,Off,Off,Off,251.1,1,Off,On
208,Austria,435.5,435.5,D-Digital,Low,12.5K,Off,Off,Austria,Group Call,232,VU0AAA,Always,Carrier,Off,1,1,1,Off,1,2,None,None,Off,Off,Off,Off,Normal Encryption,Off,Off,Off,Off,251.1,1,Off,On
209,Australia AUS,435.5,435.5,D-Digital,Low,12.5K,Off,Off,Australia AUS,Group Call,505,VU0AAA,Always,Carrier,Off,1,1,1,Off,1,2,None,None,Off,Off,Off,Off,Normal Encryption,Off,Off,Off,Off,251.1,1,Off,On
210,AUS Capital,435.5,435.5,D-Digital,Low,12.5K,Off,Off,AUS Capital,Group Call,5051,VU0AAA,Always,Carrier,Off,1,1,1,Off,1,2,None,None,Off,Off,Off,Off,Normal Encryption,Off,Off,Off,Off,251.1,1,Off,On
211,AUS New Soouth,435.5,435.5,D-Digital,Low,12.5K,Off,Off,AUS new south,Group Call,5052,VU0AAA,Always,Carrier,Off,1,1,1,Off,1,2,None,None,Off,Off,Off,Off,Normal Encryption,Off,Off,Off,Off,251.1,1,Off,On
212,AUS Victor,435.5,435.5,D-Digital,Low,12.5K,Off,Off,AUS Victor,Group Call,5053,VU0AAA,Always,Carrier,Off,1,1,1,Off,1,2,None,None,Off,Off,Off,Off,Normal Encryption,Off,Off,Off,Off,251.1,1,Off,On
213,AUS Queens,435.5,435.5,D-Digital,Low,12.5K,Off,Off,AUS Queens,Group Call,5054,VU0AAA,Always,Carrier,Off,1,1,1,Off,1,2,None,None,Off,Off,Off,Off,Normal Encryption,Off,Off,Off,Off,251.1,1,Off,On
214,South AUS,435.5,435.5,D-Digital,Low,12.5K,Off,Off,South AUS,Group Call,5055,VU0AAA,Always,Carrier,Off,1,1,1,Off,1,2,None,None,Off,Off,Off,Off,Normal Encryption,Off,Off,Off,Off,251.1,1,Off,On
215,Western AUS,435.5,435.5,D-Digital,Low,12.5K,Off,Off,West AUS,Group Call,5056,VU0AAA,Always,Carrier,Off,1,1,1,Off,1,2,None,None,Off,Off,Off,Off,Normal Encryption,Off,Off,Off,Off,251.1,1,Off,On
216,Tasmania,435.5,435.5,D-Digital,Low,12.5K,Off,Off,Tasmania,Group Call,5057,VU0AAA,Always,Carrier,Off,1,1,1,Off,1,2,None,None,Off,Off,Off,Off,Normal Encryption,Off,Off,Off,Off,251.1,1,Off,On
217,Australia Northe,435.5,435.5,D-Digital,Low,12.5K,Off,Off,Australia North,Group Call,5058,VU0AAA,Always,Carrier,Off,1,1,1,Off,1,2,None,None,Off,Off,Off,Off,Normal Encryption,Off,Off,Off,Off,251.1,1,Off,On
218,Bangladesh,435.5,435.5,D-Digital,Low,12.5K,Off,Off,Bangladesh,Group Call,470,VU0AAA,Always,Carrier,Off,1,1,1,Off,1,2,None,None,Off,Off,Off,Off,Normal Encryption,Off,Off,Off,Off,251.1,1,Off,On
219,Belgium,435.5,435.5,D-Digital,Low,12.5K,Off,Off,Belgium,Group Call,206,VU0AAA,Always,Carrier,Off,1,1,1,Off,1,2,None,None,Off,Off,Off,Off,Normal Encryption,Off,Off,Off,Off,251.1,1,Off,On
220,Bulgaria,435.5,435.5,D-Digital,Low,12.5K,Off,Off,Bulgaria,Group Call,284,VU0AAA,Always,Carrier,Off,1,1,1,Off,1,2,None,None,Off,Off,Off,Off,Normal Encryption,Off,Off,Off,Off,251.1,1,Off,On
221,Brazil Nacional,435.5,435.5,D-Digital,Low,12.5K,Off,Off,Brazil Nacional,Group Call,724,VU0AAA,Always,Carrier,Off,1,1,1,Off,1,2,None,None,Off,Off,Off,Off,Normal Encryption,Off,Off,Off,Off,251.1,1,Off,On
222,Canada Wide,435.5,435.5,D-Digital,Low,12.5K,Off,Off,Canada Wide,Group Call,302,VU0AAA,Always,Carrier,Off,1,1,1,Off,1,2,None,None,Off,Off,Off,Off,Normal Encryption,Off,Off,Off,Off,251.1,1,Off,On
223,Switzerland,435.5,435.5,D-Digital,Low,12.5K,Off,Off,Switzerland,Group Call,228,VU0AAA,Always,Carrier,Off,1,1,1,Off,1,2,None,None,Off,Off,Off,Off,Normal Encryption,Off,Off,Off,Off,251.1,1,Off,On
224,China,435.5,435.5,D-Digital,Low,12.5K,Off,Off,China,Group Call,460,VU0AAA,Always,Carrier,Off,1,1,1,Off,1,2,None,None,Off,Off,Off,Off,Normal Encryption,Off,Off,Off,Off,251.1,1,Off,On
225,United Kingdom,435.5,435.5,D-Digital,Low,12.5K,Off,Off,United Kingdom,Group Call,2350,VU0AAA,Always,Carrier,Off,1,1,1,Off,1,2,None,None,Off,Off,Off,Off,Normal Encryption,Off,Off,Off,Off,251.1,1,Off,On
226,Ireland,435.5,435.5,D-Digital,Low,12.5K,Off,Off,Ireland,Group Call,2354,VU0AAA,Always,Carrier,Off,1,1,1,Off,1,2,None,None,Off,Off,Off,Off,Normal Encryption,Off,Off,Off,Off,251.1,1,Off,On
227,Scotland,435.5,435.5,D-Digital,Low,12.5K,Off,Off,Scotland,Group Call,2355,VU0AAA,Always,Carrier,Off,1,1,1,Off,1,2,None,None,Off,Off,Off,Off,Normal Encryption,Off,Off,Off,Off,251.1,1,Off,On
228,London,435.5,435.5,D-Digital,Low,12.5K,Off,Off,London,Group Call,2358,VU0AAA,Always,Carrier,Off,1,1,1,Off,1,2,None,None,Off,Off,Off,Off,Normal Encryption,Off,Off,Off,Off,251.1,1,Off,On
229,Hong Kong,435.5,435.5,D-Digital,Low,12.5K,Off,Off,Hong Kong,Group Call,454,VU0AAA,Always,Carrier,Off,1,1,1,Off,1,2,None,None,Off,Off,Off,Off,Normal Encryption,Off,Off,Off,Off,251.1,1,Off,On
230,Hungary,435.5,435.5,D-Digital,Low,12.5K,Off,Off,Hungary,Group Call,216,VU0AAA,Always,Carrier,Off,1,1,1,Off,1,2,None,None,Off,Off,Off,Off,Normal Encryption,Off,Off,Off,Off,251.1,1,Off,On
231,Indonesia,435.5,435.5,D-Digital,Low,12.5K,Off,Off,Indonesia,Group Call,510,VU0AAA,Always,Carrier,Off,1,1,1,Off,1,2,None,None,Off,Off,Off,Off,Normal Encryption,Off,Off,Off,Off,251.1,1,Off,On
232,Israel,435.5,435.5,D-Digital,Low,12.5K,Off,Off,Israel,Group Call,425,VU0AAA,Always,Carrier,Off,1,1,1,Off,1,2,None,None,Off,Off,Off,Off,Normal Encryption,Off,Off,Off,Off,251.1,1,Off,On
233,Italia,435.5,435.5,D-Digital,Low,12.5K,Off,Off,Italia,Group Call,222,VU0AAA,Always,Carrier,Off,1,1,1,Off,1,2,None,None,Off,Off,Off,Off,Normal Encryption,Off,Off,Off,Off,251.1,1,Off,On
234,Malaysia Nationa,435.5,435.5,D-Digital,Low,12.5K,Off,Off,Malaysia Nation,Group Call,502,VU0AAA,Always,Carrier,Off,1,1,1,Off,1,2,None,None,Off,Off,Off,Off,Normal Encryption,Off,Off,Off,Off,251.1,1,Off,On
235,Pakistan,435.5,435.5,D-Digital,Low,12.5K,Off,Off,Pakistan,Group Call,410,VU0AAA,Always,Carrier,Off,1,1,1,Off,1,2,None,None,Off,Off,Off,Off,Normal Encryption,Off,Off,Off,Off,251.1,1,Off,On
236,Poland,435.5,435.5,D-Digital,Low,12.5K,Off,Off,Poland,Group Call,260,VU0AAA,Always,Carrier,Off,1,1,1,Off,1,2,None,None,Off,Off,Off,Off,Normal Encryption,Off,Off,Off,Off,251.1,1,Off,On
237,Portugal,435.5,435.5,D-Digital,Low,12.5K,Off,Off,Portugal,Group Call,268,VU0AAA,Always,Carrier,Off,1,1,1,Off,1,2,None,None,Off,Off,Off,Off,Normal Encryption,Off,Off,Off,Off,251.1,1,Off,On
238,Qatar,435.5,435.5,D-Digital,Low,12.5K,Off,Off,Qatar,Group Call,427,VU0AAA,Always,Carrier,Off,1,1,1,Off,1,2,None,None,Off,Off,Off,Off,Normal Encryption,Off,Off,Off,Off,251.1,1,Off,On
239,Romania,435.5,435.5,D-Digital,Low,12.5K,Off,Off,Romania,Group Call,226,VU0AAA,Always,Carrier,Off,1,1,1,Off,1,2,None,None,Off,Off,Off,Off,Normal Encryption,Off,Off,Off,Off,251.1,1,Off,On
240,Serbia,435.5,435.5,D-Digital,Low,12.5K,Off,Off,Serbia,Group Call,220,VU0AAA,Always,Carrier,Off,1,1,1,Off,1,2,None,None,Off,Off,Off,Off,Normal Encryption,Off,Off,Off,Off,251.1,1,Off,On
241,Russia Global,435.5,435.5,D-Digital,Low,12.5K,Off,Off,Russia Global,Group Call,2501,VU0AAA,Always,Carrier,Off,1,1,1,Off,1,2,None,None,Off,Off,Off,Off,Normal Encryption,Off,Off,Off,Off,251.1,1,Off,On
242,Saudi Arabia,435.5,435.5,D-Digital,Low,12.5K,Off,Off,Saudi Arabia,Group Call,420,VU0AAA,Always,Carrier,Off,1,1,1,Off,1,2,None,None,Off,Off,Off,Off,Normal Encryption,Off,Off,Off,Off,251.1,1,Off,On
243,Sweden,435.5,435.5,D-Digital,Low,12.5K,Off,Off,Sweden,Group Call,240,VU0AAA,Always,Carrier,Off,1,1,1,Off,1,2,None,None,Off,Off,Off,Off,Normal Encryption,Off,Off,Off,Off,251.1,1,Off,On
244,Singapore,435.5,435.5,D-Digital,Low,12.5K,Off,Off,Singapore,Group Call,525,VU0AAA,Always,Carrier,Off,1,1,1,Off,1,2,None,None,Off,Off,Off,Off,Normal Encryption,Off,Off,Off,Off,251.1,1,Off,On
245,Thailand,435.5,435.5,D-Digital,Low,12.5K,Off,Off,Thailand,Group Call,520,VU0AAA,Always,Carrier,Off,1,1,1,Off,1,2,None,None,Off,Off,Off,Off,Normal Encryption,Off,Off,Off,Off,251.1,1,Off,On
246,Turkey,435.5,435.5,D-Digital,Low,12.5K,Off,Off,Turkey,Group Call,286,VU0AAA,Always,Carrier,Off,1,1,1,Off,1,2,None,None,Off,Off,Off,Off,Normal Encryption,Off,Off,Off,Off,251.1,1,Off,On
247,Ukraine,435.5,435.5,D-Digital,Low,12.5K,Off,Off,Ukraine,Group Call,255,VU0AAA,Always,Carrier,Off,1,1,1,Off,1,2,None,None,Off,Off,Off,Off,Normal Encryption,Off,Off,Off,Off,251.1,1,Off,On
248,GPS & Weather,435.5,435.5,D-Digital,Low,12.5K,Off,Off,GPS and weather,Private Call,262993,VU0AAA,Always,Carrier,Off,1,1,1,Off,1,2,None,None,Off,Off,Off,Off,Normal Encryption,Off,Off,Off,Off,251.1,1,Off,On
249,POCSAG,435.5,435.5,D-Digital,Low,12.5K,Off,Off,POCSAG RPTInfo,Private Call,262994,VU0AAA,Always,Carrier,Off,1,1,1,Off,1,2,None,None,Off,Off,Off,Off,Normal Encryption,Off,Off,Off,Off,251.1,1,Off,On
250,SMSC,435.5,435.5,D-Digital,Low,12.5K,Off,Off,SMSC,Private Call,262995,VU0AAA,Always,Carrier,Off,1,1,1,Off,1,2,None,None,Off,Off,Off,Off,Normal Encryption,Off,Off,Off,Off,251.1,1,Off,On
251,APRS,435.5,435.5,D-Digital,Low,12.5K,Off,Off,APRS,Private Call,310999,VU0AAA,Always,Carrier,Off,1,1,1,Off,1,2,None,None,Off,Off,Off,Off,Normal Encryption,Off,Off,Off,Off,251.1,1,Off,On
252,.INDIA,145.5,145.5,D-Digital,Low,12.5K,Off,Off,INDIA,Group Call,404,VU0AAA,Always,Carrier,Off,1,1,1,Off,1,2,None,None,Off,Off,Off,Off,Normal Encryption,Off,Off,Off,Off,251.1,1,Off,On
253,.EMCOM INDIA,145.5,145.5,D-Digital,Low,12.5K,Off,Off,EMCOM INDIA,Group Call,404112,VU0AAA,Always,Carrier,Off,1,1,1,Off,1,2,None,None,Off,Off,Off,Off,Normal Encryption,Off,Off,Off,Off,251.1,1,Off,On
254,.AndhraPradesh,145.5,145.5,D-Digital,Low,12.5K,Off,Off,AndhraPradesh,Group Call,40401,VU0AAA,Always,Carrier,Off,1,1,1,Off,1,2,None,None,Off,Off,Off,Off,Normal Encryption,Off,Off,Off,Off,251.1,1,Off,On
255,.ArunachalPrades,145.5,145.5,D-Digital,Low,12.5K,Off,Off,ArunachalPradesh,Group Call,40402,VU0AAA,Always,Carrier,Off,1,1,1,Off,1,2,None,None,Off,Off,Off,Off,Normal Encryption,Off,Off,Off,Off,251.1,1,Off,On
256,.Assam,145.5,145.5,D-Digital,Low,12.5K,Off,Off,Assam,Group Call,40403,VU0AAA,Always,Carrier,Off,1,1,1,Off,1,2,None,None,Off,Off,Off,Off,Normal Encryption,Off,Off,Off,Off,251.1,1,Off,On
257,.Bihar,145.5,145.5,D-Digital,Low,12.5K,Off,Off,Bihar,Group Call,40404,VU0AAA,Always,Carrier,Off,1,1,1,Off,1,2,None,None,Off,Off,Off,Off,Normal Encryption,Off,Off,Off,Off,251.1,1,Off,On
258,.Chattisgarh,145.5,145.5,D-Digital,Low,12.5K,Off,Off,Chattisgarh,Group Call,40405,VU0AAA,Always,Carrier,Off,1,1,1,Off,1,2,None,None,Off,Off,Off,Off,Normal Encryption,Off,Off,Off,Off,251.1,1,Off,On
259,.Chandigarh,145.5,145.5,D-Digital,Low,12.5K,Off,Off,Chandigarh,Group Call,40406,VU0AAA,Always,Carrier,Off,1,1,1,Off,1,2,None,None,Off,Off,Off,Off,Normal Encryption,Off,Off,Off,Off,251.1,1,Off,On
260,.Kerala,145.5,145.5,D-Digital,Low,12.5K,Off,Off,Kerala,Group Call,40407,VU0AAA,Always,Carrier,Off,1,1,1,Off,1,2,None,None,Off,Off,Off,Off,Normal Encryption,Off,Off,Off,Off,251.1,1,Off,On
261,.Goa,145.5,145.5,D-Digital,Low,12.5K,Off,Off,Goa,Group Call,40408,VU0AAA,Always,Carrier,Off,1,1,1,Off,1,2,None,None,Off,Off,Off,Off,Normal Encryption,Off,Off,Off,Off,251.1,1,Off,On
262,.Gujarat,145.5,145.5,D-Digital,Low,12.5K,Off,Off,Gujarat,Group Call,40409,VU0AAA,Always,Carrier,Off,1,1,1,Off,1,2,None,None,Off,Off,Off,Off,Normal Encryption,Off,Off,Off,Off,251.1,1,Off,On
263,.Haryana,145.5,145.5,D-Digital,Low,12.5K,Off,Off,Haryana,Group Call,40410,VU0AAA,Always,Carrier,Off,1,1,1,Off,1,2,None,None,Off,Off,Off,Off,Normal Encryption,Off,Off,Off,Off,251.1,1,Off,On
264,.HimachalPradesh,145.5,145.5,D-Digital,Low,12.5K,Off,Off,HimachalPradesh,Group Call,40411,VU0AAA,Always,Carrier,Off,1,1,1,Off,1,2,None,None,Off,Off,Off,Off,Normal Encryption,Off,Off,Off,Off,251.1,1,Off,On
265,.Jammu&Kashmir,145.5,145.5,D-Digital,Low,12.5K,Off,Off,Jammu&Kashmir,Group Call,40412,VU0AAA,Always,Carrier,Off,1,1,1,Off,1,2,None,None,Off,Off,Off,Off,Normal Encryption,Off,Off,Off,Off,251.1,1,Off,On
266,.Jharkhand,145.5,145.5,D-Digital,Low,12.5K,Off,Off,Jharkhand,Group Call,40413,VU0AAA,Always,Carrier,Off,1,1,1,Off,1,2,None,None,Off,Off,Off,Off,Normal Encryption,Off,Off,Off,Off,251.1,1,Off,On
267,.Karnataka,145.5,145.5,D-Digital,Low,12.5K,Off,Off,Karnataka,Group Call,40414,VU0AAA,Always,Carrier,Off,1,1,1,Off,1,2,None,None,Off,Off,Off,Off,Normal Encryption,Off,Off,Off,Off,251.1,1,Off,On
268,.LakshadweepIsla,145.5,145.5,D-Digital,Low,12.5K,Off,Off,LakshadweepIslan,Group Call,40415,VU0AAA,Always,Carrier,Off,1,1,1,Off,1,2,None,None,Off,Off,Off,Off,Normal Encryption,Off,Off,Off,Off,251.1,1,Off,On
269,.MadhyaPradesh,145.5,145.5,D-Digital,Low,12.5K,Off,Off,MadhyaPradesh,Group Call,40416,VU0AAA,Always,Carrier,Off,1,1,1,Off,1,2,None,None,Off,Off,Off,Off,Normal Encryption,Off,Off,Off,Off,251.1,1,Off,On
270,.Maharashtra,145.5,145.5,D-Digital,Low,12.5K,Off,Off,Maharashtra,Group Call,40417,VU0AAA,Always,Carrier,Off,1,1,1,Off,1,2,None,None,Off,Off,Off,Off,Normal Encryption,Off,Off,Off,Off,251.1,1,Off,On
271,.Manipur,145.5,145.5,D-Digital,Low,12.5K,Off,Off,Manipur,Group Call,40418,VU0AAA,Always,Carrier,Off,1,1,1,Off,1,2,None,None,Off,Off,Off,Off,Normal Encryption,Off,Off,Off,Off,251.1,1,Off,On
272,.Meghalaya,145.5,145.5,D-Digital,Low,12.5K,Off,Off,Meghalaya,Group Call,40419,VU0AAA,Always,Carrier,Off,1,1,1,Off,1,2,None,None,Off,Off,Off,Off,Normal Encryption,Off,Off,Off,Off,251.1,1,Off,On
273,.Mizoram,145.5,145.5,D-Digital,Low,12.5K,Off,Off,Mizoram,Group Call,40420,VU0AAA,Always,Carrier,Off,1,1,1,Off,1,2,None,None,Off,Off,Off,Off,Normal Encryption,Off,Off,Off,Off,251.1,1,Off,On
274,.Nagaland,145.5,145.5,D-Digital,Low,12.5K,Off,Off,Nagaland,Group Call,40421,VU0AAA,Always,Carrier,Off,1,1,1,Off,1,2,None,None,Off,Off,Off,Off,Normal Encryption,Off,Off,Off,Off,251.1,1,Off,On
275,.Odisha,145.5,145.5,D-Digital,Low,12.5K,Off,Off,Odisha,Group Call,40422,VU0AAA,Always,Carrier,Off,1,1,1,Off,1,2,None,None,Off,Off,Off,Off,Normal Encryption,Off,Off,Off,Off,251.1,1,Off,On
276,.Pondicherry,145.5,145.5,D-Digital,Low,12.5K,Off,Off,Pondicherry,Group Call,40423,VU0AAA,Always,Carrier,Off,1,1,1,Off,1,2,None,None,Off,Off,Off,Off,Normal Encryption,Off,Off,Off,Off,251.1,1,Off,On
277,.Punjab,145.5,145.5,D-Digital,Low,12.5K,Off,Off,Punjab,Group Call,40424,VU0AAA,Always,Carrier,Off,1,1,1,Off,1,2,None,None,Off,Off,Off,Off,Normal Encryption,Off,Off,Off,Off,251.1,1,Off,On
278,.Rajasthan,145.5,145.5,D-Digital,Low,12.5K,Off,Off,Rajasthan,Group Call,40425,VU0AAA,Always,Carrier,Off,1,1,1,Off,1,2,None,None,Off,Off,Off,Off,Normal Encryption,Off,Off,Off,Off,251.1,1,Off,On
279,.Sikkim,145.5,145.5,D-Digital,Low,12.5K,Off,Off,Sikkim,Group Call,40426,VU0AAA,Always,Carrier,Off,1,1,1,Off,1,2,None,None,Off,Off,Off,Off,Normal Encryption,Off,Off,Off,Off,251.1,1,Off,On
280,.TamilNadu,145.5,145.5,D-Digital,Low,12.5K,Off,Off,TamilNadu,Group Call,40427,VU0AAA,Always,Carrier,Off,1,1,1,Off,1,2,None,None,Off,Off,Off,Off,Normal Encryption,Off,Off,Off,Off,251.1,1,Off,On
281,.Telangana,145.5,145.5,D-Digital,Low,12.5K,Off,Off,Telangana,Group Call,40428,VU0AAA,Always,Carrier,Off,1,1,1,Off,1,2,None,None,Off,Off,Off,Off,Normal Encryption,Off,Off,Off,Off,251.1,1,Off,On
282,.Tripura,145.5,145.5,D-Digital,Low,12.5K,Off,Off,Tripura,Group Call,40429,VU0AAA,Always,Carrier,Off,1,1,1,Off,1,2,None,None,Off,Off,Off,Off,Normal Encryption,Off,Off,Off,Off,251.1,1,Off,On
283,.Delhi,145.5,145.5,D-Digital,Low,12.5K,Off,Off,Delhi,Group Call,40430,VU0AAA,Always,Carrier,Off,1,1,1,Off,1,2,None,None,Off,Off,Off,Off,Normal Encryption,Off,Off,Off,Off,251.1,1,Off,On
284,.UttarPradesh,145.5,145.5,D-Digital,Low,12.5K,Off,Off,UttarPradesh,Group Call,40431,VU0AAA,Always,Carrier,Off,1,1,1,Off,1,2,None,None,Off,Off,Off,Off,Normal Encryption,Off,Off,Off,Off,251.1,1,Off,On
285,.Uttarakhand,145.5,145.5,D-Digital,Low,12.5K,Off,Off,Uttarakhand,Group Call,40432,VU0AAA,Always,Carrier,Off,1,1,1,Off,1,2,None,None,Off,Off,Off,Off,Normal Encryption,Off,Off,Off,Off,251.1,1,Off,On
286,.WestBengal,145.5,145.5,D-Digital,Low,12.5K,Off,Off,WestBengal,Group Call,40433,VU0AAA,Always,Carrier,Off,1,1,1,Off,1,2,None,None,Off,Off,Off,Off,Normal Encryption,Off,Off,Off,Off,251.1,1,Off,On
287,.Andaman & Nicob,145.5,145.5,D-Digital,Low,12.5K,Off,Off,Andaman & Nicoba,Group Call,40434,VU0AAA,Always,Carrier,Off,1,1,1,Off,1,2,None,None,Off,Off,Off,Off,Normal Encryption,Off,Off,Off,Off,251.1,1,Off,On
288,.Dadra & Nagar H,145.5,145.5,D-Digital,Low,12.5K,Off,Off,Dadra & Nagar Ha,Group Call,40435,VU0AAA,Always,Carrier,Off,1,1,1,Off,1,2,None,None,Off,Off,Off,Off,Normal Encryption,Off,Off,Off,Off,251.1,1,Off,On
289,.Daman & Diu,145.5,145.5,D-Digital,Low,12.5K,Off,Off,Daman & Diu,Group Call,40436,VU0AAA,Always,Carrier,Off,1,1,1,Off,1,2,None,None,Off,Off,Off,Off,Normal Encryption,Off,Off,Off,Off,251.1,1,Off,On
290,.Ladakh,145.5,145.5,D-Digital,Low,12.5K,Off,Off,Ladakh,Group Call,40437,VU0AAA,Always,Carrier,Off,1,1,1,Off,1,2,None,None,Off,Off,Off,Off,Normal Encryption,Off,Off,Off,Off,251.1,1,Off,On
291,.Hyderabad,145.5,145.5,D-Digital,Low,12.5K,Off,Off,Hyderabad,Group Call,40450,VU0AAA,Always,Carrier,Off,1,1,1,Off,1,2,None,None,Off,Off,Off,Off,Normal Encryption,Off,Off,Off,Off,251.1,1,Off,On
292,.Visakhapatnam,145.5,145.5,D-Digital,Low,12.5K,Off,Off,Visakhapatnam,Group Call,40470,VU0AAA,Always,Carrier,Off,1,1,1,Off,1,2,None,None,Off,Off,Off,Off,Normal Encryption,Off,Off,Off,Off,251.1,1,Off,On
293,.Bangalore,145.5,145.5,D-Digital,Low,12.5K,Off,Off,Bangalore,Group Call,40480,VU0AAA,Always,Carrier,Off,1,1,1,Off,1,2,None,None,Off,Off,Off,Off,Normal Encryption,Off,Off,Off,Off,251.1,1,Off,On
294,.India Radio Tes,145.5,145.5,D-Digital,Low,12.5K,Off,Off,India Radio Test,Group Call,40498,VU0AAA,Always,Carrier,Off,1,1,1,Off,1,2,None,None,Off,Off,Off,Off,Normal Encryption,Off,Off,Off,Off,251.1,1,Off,On
295,.Peanut YSF INDI,145.5,145.5,D-Digital,Low,12.5K,Off,Off,Peanut YSF INDIA,Group Call,404004,VU0AAA,Always,Carrier,Off,1,1,1,Off,1,2,None,None,Off,Off,Off,Off,Normal Encryption,Off,Off,Off,Off,251.1,1,Off,On
296,.YSF INDIA,145.5,145.5,D-Digital,Low,12.5K,Off,Off,YSF INDIA,Group Call,7008338,VU0AAA,Always,Carrier,Off,1,1,1,Off,1,2,None,None,Off,Off,Off,Off,Normal Encryption,Off,Off,Off,Off,251.1,1,Off,On
297,.Parrot EchoTest,145.5,145.5,D-Digital,Low,12.5K,Off,Off,Parrot EchoTest,Private Call,9990,VU0AAA,Always,Carrier,Off,1,1,1,Off,1,2,None,None,Off,Off,Off,Off,Normal Encryption,Off,Off,Off,Off,251.1,1,Off,On
298,.WW-Marinetime,145.5,145.5,D-Digital,Low,12.5K,Off,Off,WW-Marinetime,Group Call,9101,VU0AAA,Always,Carrier,Off,1,1,1,Off,1,2,None,None,Off,Off,Off,Off,Normal Encryption,Off,Off,Off,Off,251.1,1,Off,On
299,.WW-Avation,145.5,145.5,D-Digital,Low,12.5K,Off,Off,WW-Avation,Group Call,9102,VU0AAA,Always,Carrier,Off,1,1,1,Off,1,2,None,None,Off,Off,Off,Off,Normal Encryption,Off,Off,Off,Off,251.1,1,Off,On
300,.Reddit,145.5,145.5,D-Digital,Low,12.5K,Off,Off,Reddit,Group Call,98003,VU0AAA,Always,Carrier,Off,1,1,1,Off,1,2,None,None,Off,Off,Off,Off,Normal Encryption,Off,Off,Off,Off,251.1,1,Off,On
301,.AMSAT,145.5,145.5,D-Digital,Low,12.5K,Off,Off,AMSAT,Group Call,98006,VU0AAA,Always,Carrier,Off,1,1,1,Off,1,2,None,None,Off,Off,Off,Off,Normal Encryption,Off,Off,Off,Off,251.1,1,Off,On
302,.World-wide,145.5,145.5,D-Digital,Low,12.5K,Off,Off,World-wide,Group Call,91,VU0AAA,Always,Carrier,Off,1,1,1,Off,1,2,None,None,Off,Off,Off,Off,Normal Encryption,Off,Off,Off,Off,251.1,1,Off,On
303,.Europe,145.5,145.5,D-Digital,Low,12.5K,Off,Off,Europe,Group Call,92,VU0AAA,Always,Carrier,Off,1,1,1,Off,1,2,None,None,Off,Off,Off,Off,Normal Encryption,Off,Off,Off,Off,251.1,1,Off,On
304,.North America,145.5,145.5,D-Digital,Low,12.5K,Off,Off,North America,Group Call,93,VU0AAA,Always,Carrier,Off,1,1,1,Off,1,2,None,None,Off,Off,Off,Off,Normal Encryption,Off,Off,Off,Off,251.1,1,Off,On
305,".Asia,Meast",145.5,145.5,D-Digital,Low,12.5K,Off,Off,"Asia,Meast",Group Call,94,VU0AAA,Always,Carrier,Off,1,1,1,Off,1,2,None,None,Off,Off,Off,Off,Normal Encryption,Off,Off,Off,Off,251.1,1,Off,On
306,".Australia,NewZ",145.5,145.5,D-Digital,Low,12.5K,Off,Off,"Australia,NewZ",Group Call,95,VU0AAA,Always,Carrier,Off,1,1,1,Off,1,2,None,None,Off,Off,Off,Off,Normal Encryption,Off,Off,Off,Off,251.1,1,Off,On
307,.Radio Test,145.5,145.5,D-Digital,Low,12.5K,Off,Off,Radio Test,Group Call,98,VU0AAA,Always,Carrier,Off,1,1,1,Off,1,2,None,None,Off,Off,Off,Off,Normal Encryption,Off,Off,Off,Off,251.1,1,Off,On
308,.WW Tac 1,145.5,145.5,D-Digital,Low,12.5K,Off,Off,WW Tac 1,Group Call,901,VU0AAA,Always,Carrier,Off,1,1,1,Off,1,2,None,None,Off,Off,Off,Off,Normal Encryption,Off,Off,Off,Off,251.1,1,Off,On
309,.WW Tac 2,145.5,145.5,D-Digital,Low,12.5K,Off,Off,WW Tac 2,Group Call,902,VU0AAA,Always,Carrier,Off,1,1,1,Off,1,2,None,None,Off,Off,Off,Off,Normal Encryption,Off,Off,Off,Off,251.1,1,Off,On
310,.WW Tac 3,145.5,145.5,D-Digital,Low,12.5K,Off,Off,WW Tac 3,Group Call,903,VU0AAA,Always,Carrier,Off,1,1,1,Off,1,2,None,None,Off,Off,Off,Off,Normal Encryption,Off,Off,Off,Off,251.1,1,Off,On
311,.JOTA,145.5,145.5,D-Digital,Low,12.5K,Off,Off,JOTA,Group Call,907,VU0AAA,Always,Carrier,Off,1,1,1,Off,1,2,None,None,Off,Off,Off,Off,Normal Encryption,Off,Off,Off,Off,251.1,1,Off,On
312,.German,145.5,145.5,D-Digital,Low,12.5K,Off,Off,German,Group Call,910,VU0AAA,Always,Carrier,Off,1,1,1,Off,1,2,None,None,Off,Off,Off,Off,Normal Encryption,Off,Off,Off,Off,251.1,1,Off,On
313,.English,145.5,145.5,D-Digital,Low,12.5K,Off,Off,English,Group Call,913,VU0AAA,Always,Carrier,Off,1,1,1,Off,1,2,None,None,Off,Off,Off,Off,Normal Encryption,Off,Off,Off,Off,251.1,1,Off,On
314,.Spanish,145.5,145.5,D-Digital,Low,12.5K,Off,Off,Spanish,Group Call,914,VU0AAA,Always,Carrier,Off,1,1,1,Off,1,2,None,None,Off,Off,Off,Off,Normal Encryption,Off,Off,Off,Off,251.1,1,Off,On
315,.Portuguese,145.5,145.5,D-Digital,Low,12.5K,Off,Off,Portuguese,Group Call,915,VU0AAA,Always,Carrier,Off,1,1,1,Off,1,2,None,None,Off,Off,Off,Off,Normal Encryption,Off,Off,Off,Off,251.1,1,Off,On
316,.Italian,145.5,145.5,D-Digital,Low,12.5K,Off,Off,Italian,Group Call,916,VU0AAA,Always,Carrier,Off,1,1,1,Off,1,2,None,None,Off,Off,Off,Off,Normal Encryption,Off,Off,Off,Off,251.1,1,Off,On
317,.YOTA,145.5,145.5,D-Digital,Low,12.5K,Off,Off,YOTA,Group Call,918,VU0AAA,Always,Carrier,Off,1,1,1,Off,1,2,None,None,Off,Off,Off,Off,Normal Encryption,Off,Off,Off,Off,251.1,1,Off,On
318,".DL, OE, HB9",145.5,145.5,D-Digital,Low,12.5K,Off,Off,"DL, OE, HB9",Group Call,920,VU0AAA,Always,Carrier,Off,1,1,1,Off,1,2,None,None,Off,Off,Off,Off,Normal Encryption,Off,Off,Off,Off,251.1,1,Off,On
319,.Dutch,145.5,145.5,D-Digital,Low,12.5K,Off,Off,Dutch,Group Call,922,VU0AAA,Always,Carrier,Off,1,1,1,Off,1,2,None,None,Off,Off,Off,Off,Normal Encryption,Off,Off,Off,Off,251.1,1,Off,On
320,.European Englis,145.5,145.5,D-Digital,Low,12.5K,Off,Off,European English,Group Call,923,VU0AAA,Always,Carrier,Off,1,1,1,Off,1,2,None,None,Off,Off,Off,Off,Normal Encryption,Off,Off,Off,Off,251.1,1,Off,On
321,.Swedish,145.5,145.5,D-Digital,Low,12.5K,Off,Off,Swedish,Group Call,924,VU0AAA,Always,Carrier,Off,1,1,1,Off,1,2,None,None,Off,Off,Off,Off,Normal Encryption,Off,Off,Off,Off,251.1,1,Off,On
322,.Nordic,145.5,145.5,D-Digital,Low,12.5K,Off,Off,Nordic,Group Call,927,VU0AAA,Always,Carrier,Off,1,1,1,Off,1,2,None,None,Off,Off,Off,Off,Normal Encryption,Off,Off,Off,Off,251.1,1,Off,On
323,.PanHellenic Cha,145.5,145.5,D-Digital,Low,12.5K,Off,Off,PanHellenic Chat,Group Call,930,VU0AAA,Always,Carrier,Off,1,1,1,Off,1,2,None,None,Off,Off,Off,Off,Normal Encryption,Off,Off,Off,Off,251.1,1,Off,On
324,.Francophonie,145.5,145.5,D-Digital,Low,12.5K,Off,Off,Francophonie,Group Call,937,VU0AAA,Always,Carrier,Off,1,1,1,Off,1,2,None,None,Off,Off,Off,Off,Normal Encryption,Off,Off,Off,Off,251.1,1,Off,On
325,.Arabic,145.5,145.5,D-Digital,Low,12.5K,Off,Off,Arabic,Group Call,940,VU0AAA,Always,Carrier,Off,1,1,1,Off,1,2,None,None,Off,Off,Off,Off,Normal Encryption,Off,Off,Off,Off,251.1,1,Off,On
326,.WWYL,145.5,145.5,D-Digital,Low,12.5K,Off,Off,WWYL,Group Call,955,VU0AAA,Always,Carrier,Off,1,1,1,Off,1,2,None,None,Off,Off,Off,Off,Normal Encryption,Off,Off,Off,Off,251.1,1,Off,On
327,.DMR-Caribbean,145.5,145.5,D-Digital,Low,12.5K,Off,Off,DMR-Caribbean,Group Call,969,VU0AAA,Always,Carrier,Off,1,1,1,Off,1,2,None,None,Off,Off,Off,Off,Normal Encryption,Off,Off,Off,Off,251.1,1,Off,On
328,.Basque,145.5,145.5,D-Digital,Low,12.5K,Off,Off,Basque,Group Call,971,VU0AAA,Always,Carrier,Off,1,1,1,Off,1,2,None,None,Off,Off,Off,Off,Normal Encryption,Off,Off,Off,Off,251.1,1,Off,On
329,.SOTA,145.5,145.5,D-Digital,Low,12.5K,Off,Off,SOTA,Group Call,973,VU0AAA,Always,Carrier,Off,1,1,1,Off,1,2,None,None,Off,Off,Off,Off,Normal Encryption,Off,Off,Off,Off,251.1,1,Off,On
330,.JOTA Tac 1,145.5,145.5,D-Digital,Low,12.5K,Off,Off,JOTA Tac 1,Group Call,9071,VU0AAA,Always,Carrier,Off,1,1,1,Off,1,2,None,None,Off,Off,Off,Off,Normal Encryption,Off,Off,Off,Off,251.1,1,Off,On
331,.JOTA Tac 2,145.5,145.5,D-Digital,Low,12.5K,Off,Off,JOTA Tac 2,Group Call,9072,VU0AAA,Always,Carrier,Off,1,1,1,Off,1,2,None,None,Off,Off,Off,Off,Normal Encryption,Off,Off,Off,Off,251.1,1,Off,On
332,.JOTA Tac 3,145.5,145.5,D-Digital,Low,12.5K,Off,Off,JOTA Tac 3,Group Call,9073,VU0AAA,Always,Carrier,Off,1,1,1,Off,1,2,None,None,Off,Off,Off,Off,Normal Encryption,Off,Off,Off,Off,251.1,1,Off,On
333,.JOTA Tac 4,145.5,145.5,D-Digital,Low,12.5K,Off,Off,JOTA Tac 4,Group Call,9074,VU0AAA,Always,Carrier,Off,1,1,1,Off,1,2,None,None,Off,Off,Off,Off,Normal Encryption,Off,Off,Off,Off,251.1,1,Off,On
334,.JOTA Tac 5,145.5,145.5,D-Digital,Low,12.5K,Off,Off,JOTA Tac 5,Group Call,9075,VU0AAA,Always,Carrier,Off,1,1,1,Off,1,2,None,None,Off,Off,Off,Off,Normal Encryption,Off,Off,Off,Off,251.1,1,Off,On
335,.JOTA Tac 6,145.5,145.5,D-Digital,Low,12.5K,Off,Off,JOTA Tac 6,Group Call,9076,VU0AAA,Always,Carrier,Off,1,1,1,Off,1,2,None,None,Off,Off,Off,Off,Normal Encryption,Off,Off,Off,Off,251.1,1,Off,On
336,.JOTA Tac 7,145.5,145.5,D-Digital,Low,12.5K,Off,Off,JOTA Tac 7,Group Call,9077,VU0AAA,Always,Carrier,Off,1,1,1,Off,1,2,None,None,Off,Off,Off,Off,Normal Encryption,Off,Off,Off,Off,251.1,1,Off,On
337,.JOTA Tac 8,145.5,145.5,D-Digital,Low,12.5K,Off,Off,JOTA Tac 8,Group Call,9078,VU0AAA,Always,Carrier,Off,1,1,1,Off,1,2,None,None,Off,Off,Off,Off,Normal Encryption,Off,Off,Off,Off,251.1,1,Off,On
338,.XRF007 B,145.5,145.5,D-Digital,Low,12.5K,Off,Off,XRF007 B,Group Call,9107,VU0AAA,Always,Carrier,Off,1,1,1,Off,1,2,None,None,Off,Off,Off,Off,Normal Encryption,Off,Off,Off,Off,251.1,1,Off,On
339,.Emcom EU,145.5,145.5,D-Digital,Low,12.5K,Off,Off,Emcom EU,Group Call,9112,VU0AAA,Always,Carrier,Off,1,1,1,Off,1,2,None,None,Off,Off,Off,Off,Normal Encryption,Off,Off,Off,Off,251.1,1,Off,On
340,.EURAO,145.5,145.5,D-Digital,Low,12.5K,Off,Off,EURAO,Group Call,9201,VU0AAA,Always,Carrier,Off,1,1,1,Off,1,2,None,None,Off,Off,Off,Off,Normal Encryption,Off,Off,Off,Off,251.1,1,Off,On
341,.Francophonie C4,145.5,145.5,D-Digital,Low,12.5K,Off,Off,Francophonie C4F,Group Call,9371,VU0AAA,Always,Carrier,Off,1,1,1,Off,1,2,None,None,Off,Off,Off,Off,Normal Encryption,Off,Off,Off,Off,251.1,1,Off,On
342,.ATV Talk,145.5,145.5,D-Digital,Low,12.5K,Off,Off,ATV Talk,Group Call,9410,VU0AAA,Always,Carrier,Off,1,1,1,Off,1,2,None,None,Off,Off,Off,Off,Normal Encryption,Off,Off,Off,Off,251.1,1,Off,On
343,.ICQ Podcast,145.5,145.5,D-Digital,Low,12.5K,Off,Off,ICQ Podcast,Group Call,9480,VU0AAA,Always,Carrier,Off,1,1,1,Off,1,2,None,None,Off,Off,Off,Off,Normal Encryption,Off,Off,Off,Off,251.1,1,Off,On
344,.Collegiate,145.5,145.5,D-Digital,Low,12.5K,Off,Off,Collegiate,Group Call,9500,VU0AAA,Always,Carrier,Off,1,1,1,Off,1,2,None,None,Off,Off,Off,Off,Normal Encryption,Off,Off,Off,Off,251.1,1,Off,On
345,.Cafe Gratis,145.5,145.5,D-Digital,Low,12.5K,Off,Off,Cafe Gratis,Group Call,9800,VU0AAA,Always,Carrier,Off,1,1,1,Off,1,2,None,None,Off,Off,Off,Off,Normal Encryption,Off,Off,Off,Off,251.1,1,Off,On
346,.Emcom US,145.5,145.5,D-Digital,Low,12.5K,Off,Off,Emcom US,Group Call,9911,VU0AAA,Always,Carrier,Off,1,1,1,Off,1,2,None,None,Off,Off,Off,Off,Normal Encryption,Off,Off,Off,Off,251.1,1,Off,On
347,.Marines RNLMC,145.5,145.5,D-Digital,Low,12.5K,Off,Off,Marines RNLMC,Group Call,91665,VU0AAA,Always,Carrier,Off,1,1,1,Off,1,2,None,None,Off,Off,Off,Off,Normal Encryption,Off,Off,Off,Off,251.1,1,Off,On
348,.Global NorCal 5,145.5,145.5,D-Digital,Low,12.5K,Off,Off,Global NorCal 51,Group Call,95150,VU0AAA,Always,Carrier,Off,1,1,1,Off,1,2,None,None,Off,Off,Off,Off,Normal Encryption,Off,Off,Off,Off,251.1,1,Off,On
349,.Red Americas EM,145.5,145.5,D-Digital,Low,12.5K,Off,Off,Red Americas EM,Group Call,97911,VU0AAA,Always,Carrier,Off,1,1,1,Off,1,2,None,None,Off,Off,Off,Off,Normal Encryption,Off,Off,Off,Off,251.1,1,Off,On
350,.Military Vetera,145.5,145.5,D-Digital,Low,12.5K,Off,Off,Military Veteran,Group Call,98008,VU0AAA,Always,Carrier,Off,1,1,1,Off,1,2,None,None,Off,Off,Off,Off,Normal Encryption,Off,Off,Off,Off,251.1,1,Off,On
351,.LBGTQ,145.5,145.5,D-Digital,Low,12.5K,Off,Off,LBGTQ,Group Call,98012,VU0AAA,Always,Carrier,Off,1,1,1,Off,1,2,None,None,Off,Off,Off,Off,Normal Encryption,Off,Off,Off,Off,251.1,1,Off,On
352,.WVNET,145.5,145.5,D-Digital,Low,12.5K,Off,Off,WVNET,Group Call,98638,VU0AAA,Always,Carrier,Off,1,1,1,Off,1,2,None,None,Off,Off,Off,Off,Normal Encryption,Off,Off,Off,Off,251.1,1,Off,On
353,.UAE,145.5,145.5,D-Digital,Low,12.5K,Off,Off,UAE,Group Call,430,VU0AAA,Always,Carrier,Off,1,1,1,Off,1,2,None,None,Off,Off,Off,Off,Normal Encryption,Off,Off,Off,Off,251.1,1,Off,On
354,.Argentina,145.5,145.5,D-Digital,Low,12.5K,Off,Off,Argentina,Group Call,722,VU0AAA,Always,Carrier,Off,1,1,1,Off,1,2,None,None,Off,Off,Off,Off,Normal Encryption,Off,Off,Off,Off,251.1,1,Off,On
355,.Austria,145.5,145.5,D-Digital,Low,12.5K,Off,Off,Austria,Group Call,232,VU0AAA,Always,Carrier,Off,1,1,1,Off,1,2,None,None,Off,Off,Off,Off,Normal Encryption,Off,Off,Off,Off,251.1,1,Off,On
356,.Australia AUS,145.5,145.5,D-Digital,Low,12.5K,Off,Off,Australia AUS,Group Call,505,VU0AAA,Always,Carrier,Off,1,1,1,Off,1,2,None,None,Off,Off,Off,Off,Normal Encryption,Off,Off,Off,Off,251.1,1,Off,On
357,.AUS Capital,145.5,145.5,D-Digital,Low,12.5K,Off,Off,AUS Capital,Group Call,5051,VU0AAA,Always,Carrier,Off,1,1,1,Off,1,2,None,None,Off,Off,Off,Off,Normal Encryption,Off,Off,Off,Off,251.1,1,Off,On
358,.AUS new south,145.5,145.5,D-Digital,Low,12.5K,Off,Off,AUS new south,Group Call,5052,VU0AAA,Always,Carrier,Off,1,1,1,Off,1,2,None,None,Off,Off,Off,Off,Normal Encryption,Off,Off,Off,Off,251.1,1,Off,On
359,.AUS Victor,145.5,145.5,D-Digital,Low,12.5K,Off,Off,AUS Victor,Group Call,5053,VU0AAA,Always,Carrier,Off,1,1,1,Off,1,2,None,None,Off,Off,Off,Off,Normal Encryption,Off,Off,Off,Off,251.1,1,Off,On
360,.AUS Queens,145.5,145.5,D-Digital,Low,12.5K,Off,Off,AUS Queens,Group Call,5054,VU0AAA,Always,Carrier,Off,1,1,1,Off,1,2,None,None,Off,Off,Off,Off,Normal Encryption,Off,Off,Off,Off,251.1,1,Off,On
361,.South AUS,145.5,145.5,D-Digital,Low,12.5K,Off,Off,South AUS,Group Call,5055,VU0AAA,Always,Carrier,Off,1,1,1,Off,1,2,None,None,Off,Off,Off,Off,Normal Encryption,Off,Off,Off,Off,251.1,1,Off,On
362,.West AUS,145.5,145.5,D-Digital,Low,12.5K,Off,Off,West AUS,Group Call,5056,VU0AAA,Always,Carrier,Off,1,1,1,Off,1,2,None,None,Off,Off,Off,Off,Normal Encryption,Off,Off,Off,Off,251.1,1,Off,On
363,.Tasmania,145.5,145.5,D-Digital,Low,12.5K,Off,Off,Tasmania,Group Call,5057,VU0AAA,Always,Carrier,Off,1,1,1,Off,1,2,None,None,Off,Off,Off,Off,Normal Encryption,Off,Off,Off,Off,251.1,1,Off,On
364,.Australia North,145.5,145.5,D-Digital,Low,12.5K,Off,Off,Australia North,Group Call,5058,VU0AAA,Always,Carrier,Off,1,1,1,Off,1,2,None,None,Off,Off,Off,Off,Normal Encryption,Off,Off,Off,Off,251.1,1,Off,On
365,.Bangladesh,145.5,145.5,D-Digital,Low,12.5K,Off,Off,Bangladesh,Group Call,470,VU0AAA,Always,Carrier,Off,1,1,1,Off,1,2,None,None,Off,Off,Off,Off,Normal Encryption,Off,Off,Off,Off,251.1,1,Off,On
366,.Belgium,145.5,145.5,D-Digital,Low,12.5K,Off,Off,Belgium,Group Call,206,VU0AAA,Always,Carrier,Off,1,1,1,Off,1,2,None,None,Off,Off,Off,Off,Normal Encryption,Off,Off,Off,Off,251.1,1,Off,On
367,.Bulgaria,145.5,145.5,D-Digital,Low,12.5K,Off,Off,Bulgaria,Group Call,284,VU0AAA,Always,Carrier,Off,1,1,1,Off,1,2,None,None,Off,Off,Off,Off,Normal Encryption,Off,Off,Off,Off,251.1,1,Off,On
368,.Brazil Nacional,145.5,145.5,D-Digital,Low,12.5K,Off,Off,Brazil Nacional,Group Call,724,VU0AAA,Always,Carrier,Off,1,1,1,Off,1,2,None,None,Off,Off,Off,Off,Normal Encryption,Off,Off,Off,Off,251.1,1,Off,On
369,.Canada Wide,145.5,145.5,D-Digital,Low,12.5K,Off,Off,Canada Wide,Group Call,302,VU0AAA,Always,Carrier,Off,1,1,1,Off,1,2,None,None,Off,Off,Off,Off,Normal Encryption,Off,Off,Off,Off,251.1,1,Off,On
370,.Switzerland,145.5,145.5,D-Digital,Low,12.5K,Off,Off,Switzerland,Group Call,228,VU0AAA,Always,Carrier,Off,1,1,1,Off,1,2,None,None,Off,Off,Off,Off,Normal Encryption,Off,Off,Off,Off,251.1,1,Off,On
371,.China,145.5,145.5,D-Digital,Low,12.5K,Off,Off,China,Group Call,460,VU0AAA,Always,Carrier,Off,1,1,1,Off,1,2,None,None,Off,Off,Off,Off,Normal Encryption,Off,Off,Off,Off,251.1,1,Off,On
372,.United Kingdom,145.5,145.5,D-Digital,Low,12.5K,Off,Off,United Kingdom,Group Call,2350,VU0AAA,Always,Carrier,Off,1,1,1,Off,1,2,None,None,Off,Off,Off,Off,Normal Encryption,Off,Off,Off,Off,251.1,1,Off,On
373,.Ireland,145.5,145.5,D-Digital,Low,12.5K,Off,Off,Ireland,Group Call,2354,VU0AAA,Always,Carrier,Off,1,1,1,Off,1,2,None,None,Off,Off,Off,Off,Normal Encryption,Off,Off,Off,Off,251.1,1,Off,On
374,.Scotland,145.5,145.5,D-Digital,Low,12.5K,Off,Off,Scotland,Group Call,2355,VU0AAA,Always,Carrier,Off,1,1,1,Off,1,2,None,None,Off,Off,Off,Off,Normal Encryption,Off,Off,Off,Off,251.1,1,Off,On
375,.London,145.5,145.5,D-Digital,Low,12.5K,Off,Off,London,Group Call,2358,VU0AAA,Always,Carrier,Off,1,1,1,Off,1,2,None,None,Off,Off,Off,Off,Normal Encryption,Off,Off,Off,Off,251.1,1,Off,On
376,.Hong Kong,145.5,145.5,D-Digital,Low,12.5K,Off,Off,Hong Kong,Group Call,454,VU0AAA,Always,Carrier,Off,1,1,1,Off,1,2,None,None,Off,Off,Off,Off,Normal Encryption,Off,Off,Off,Off,251.1,1,Off,On
377,.Hungary,145.5,145.5,D-Digital,Low,12.5K,Off,Off,Hungary,Group Call,216,VU0AAA,Always,Carrier,Off,1,1,1,Off,1,2,None,None,Off,Off,Off,Off,Normal Encryption,Off,Off,Off,Off,251.1,1,Off,On
378,.Indonesia,145.5,145.5,D-Digital,Low,12.5K,Off,Off,Indonesia,Group Call,510,VU0AAA,Always,Carrier,Off,1,1,1,Off,1,2,None,None,Off,Off,Off,Off,Normal Encryption,Off,Off,Off,Off,251.1,1,Off,On
379,.Israel,145.5,145.5,D-Digital,Low,12.5K,Off,Off,Israel,Group Call,425,VU0AAA,Always,Carrier,Off,1,1,1,Off,1,2,None,None,Off,Off,Off,Off,Normal Encryption,Off,Off,Off,Off,251.1,1,Off,On
380,.Italia,145.5,145.5,D-Digital,Low,12.5K,Off,Off,Italia,Group Call,222,VU0AAA,Always,Carrier,Off,1,1,1,Off,1,2,None,None,Off,Off,Off,Off,Normal Encryption,Off,Off,Off,Off,251.1,1,Off,On
381,.Malaysia Nation,145.5,145.5,D-Digital,Low,12.5K,Off,Off,Malaysia Nation,Group Call,502,VU0AAA,Always,Carrier,Off,1,1,1,Off,1,2,None,None,Off,Off,Off,Off,Normal Encryption,Off,Off,Off,Off,251.1,1,Off,On
382,.Pakistan,145.5,145.5,D-Digital,Low,12.5K,Off,Off,Pakistan,Group Call,410,VU0AAA,Always,Carrier,Off,1,1,1,Off,1,2,None,None,Off,Off,Off,Off,Normal Encryption,Off,Off,Off,Off,251.1,1,Off,On
383,.Poland,145.5,145.5,D-Digital,Low,12.5K,Off,Off,Poland,Group Call,260,VU0AAA,Always,Carrier,Off,1,1,1,Off,1,2,None,None,Off,Off,Off,Off,Normal Encryption,Off,Off,Off,Off,251.1,1,Off,On
384,.Portugal,145.5,145.5,D-Digital,Low,12.5K,Off,Off,Portugal,Group Call,268,VU0AAA,Always,Carrier,Off,1,1,1,Off,1,2,None,None,Off,Off,Off,Off,Normal Encryption,Off,Off,Off,Off,251.1,1,Off,On
385,.Qatar,145.5,145.5,D-Digital,Low,12.5K,Off,Off,Qatar,Group Call,427,VU0AAA,Always,Carrier,Off,1,1,1,Off,1,2,None,None,Off,Off,Off,Off,Normal Encryption,Off,Off,Off,Off,251.1,1,Off,On
386,.Romania,145.5,145.5,D-Digital,Low,12.5K,Off,Off,Romania,Group Call,226,VU0AAA,Always,Carrier,Off,1,1,1,Off,1,2,None,None,Off,Off,Off,Off,Normal Encryption,Off,Off,Off,Off,251.1,1,Off,On
387,.Serbia,145.5,145.5,D-Digital,Low,12.5K,Off,Off,Serbia,Group Call,220,VU0AAA,Always,Carrier,Off,1,1,1,Off,1,2,None,None,Off,Off,Off,Off,Normal Encryption,Off,Off,Off,Off,251.1,1,Off,On
388,.Russia Global,145.5,145.5,D-Digital,Low,12.5K,Off,Off,Russia Global,Group Call,2501,VU0AAA,Always,Carrier,Off,1,1,1,Off,1,2,None,None,Off,Off,Off,Off,Normal Encryption,Off,Off,Off,Off,251.1,1,Off,On
389,.Saudi Arabia,145.5,145.5,D-Digital,Low,12.5K,Off,Off,Saudi Arabia,Group Call,420,VU0AAA,Always,Carrier,Off,1,1,1,Off,1,2,None,None,Off,Off,Off,Off,Normal Encryption,Off,Off,Off,Off,251.1,1,Off,On
390,.Sweden,145.5,145.5,D-Digital,Low,12.5K,Off,Off,Sweden,Group Call,240,VU0AAA,Always,Carrier,Off,1,1,1,Off,1,2,None,None,Off,Off,Off,Off,Normal Encryption,Off,Off,Off,Off,251.1,1,Off,On
391,.Singapore,145.5,145.5,D-Digital,Low,12.5K,Off,Off,Singapore,Group Call,525,VU0AAA,Always,Carrier,Off,1,1,1,Off,1,2,None,None,Off,Off,Off,Off,Normal Encryption,Off,Off,Off,Off,251.1,1,Off,On
392,.Thailand,145.5,145.5,D-Digital,Low,12.5K,Off,Off,Thailand,Group Call,520,VU0AAA,Always,Carrier,Off,1,1,1,Off,1,2,None,None,Off,Off,Off,Off,Normal Encryption,Off,Off,Off,Off,251.1,1,Off,On
393,.Turkey,145.5,145.5,D-Digital,Low,12.5K,Off,Off,Turkey,Group Call,286,VU0AAA,Always,Carrier,Off,1,1,1,Off,1,2,None,None,Off,Off,Off,Off,Normal Encryption,Off,Off,Off,Off,251.1,1,Off,On
394,.Ukraine,145.5,145.5,D-Digital,Low,12.5K,Off,Off,Ukraine,Group Call,255,VU0AAA,Always,Carrier,Off,1,1,1,Off,1,2,None,None,Off,Off,Off,Off,Normal Encryption,Off,Off,Off,Off,251.1,1,Off,On
395,.GPS and weather,145.5,145.5,D-Digital,Low,12.5K,Off,Off,GPS and weather,Private Call,262993,VU0AAA,Always,Carrier,Off,1,1,1,Off,1,2,None,None,Off,Off,Off,Off,Normal Encryption,Off,Off,Off,Off,251.1,1,Off,On
396,.POCSAG RPTInfo,145.5,145.5,D-Digital,Low,12.5K,Off,Off,POCSAG RPTInfo,Private Call,262994,VU0AAA,Always,Carrier,Off,1,1,1,Off,1,2,None,None,Off,Off,Off,Off,Normal Encryption,Off,Off,Off,Off,251.1,1,Off,On
397,.SMSC,145.5,145.5,D-Digital,Low,12.5K,Off,Off,SMSC,Private Call,262995,VU0AAA,Always,Carrier,Off,1,1,1,Off,1,2,None,None,Off,Off,Off,Off,Normal Encryption,Off,Off,Off,Off,251.1,1,Off,On
398,.APRS,145.5,145.5,D-Digital,Low,12.5K,Off,Off,APRS,Private Call,310999,VU0AAA,Always,Carrier,Off,1,1,1,Off,1,2,None,None,Off,Off,Off,Off,Normal Encryption,Off,Off,Off,Off,251.1,1,Off,On
4001,Channel VFO A,145.5,145.5,D-Digital,High,12.5K,Off,Off,All CALL,Private Call,16776415,VU0AAA,Always,Carrier,Off,1,1,1,Off,1,1,None,None,Off,Off,Off,Off,Normal Encryption,Off,Off,Off,Off,251.1,0,Off,Off
4002,Channel VFO B,145.5,145.5,D-Digital,High,12.5K,Off,Off,All CALL,Private Call,16776415,VU0AAA,Always,Carrier,Off,1,1,1,Off,1,1,None,None,Off,Off,Off,Off,Normal Encryption,Off,Off,Off,Off,251.1,0,Off,Off
