No.,Channel Name,Receive Frequency,Transmit Frequency,Channel Type,Transmit Power,Band Width,CTCSS/DCS Decode,CTCSS/DCS Encode,Contact,Contact Call Type,Radio ID,Busy Lock/TX Permit,Squelch Mode,Optional Signal,DTMF ID,2Tone ID,5Tone ID,PTT ID,Color Code,Slot,Scan List,Receive Group List,TX Prohibit,Reverse,Simplex TDMA,TDMA Adaptive,AES Encryption,Digital Encryption,Call Confirmation,Talk Around,Work Alone,Custom CTCSS,2TONE Decode,Ranging,Through Mode,Digi APRS RX,Analog APRS PTT Mode,Digital APRS PTT Mode,APRS Report Type,Digital APRS Report Channel,Correct Frequency[Hz],SMS Confirmation,DMR MODE,Exclude channel from roaming
1,CH-1 VHF VUCALL,145.5,145.5,A-Analog,Low,12.5K,Off,Off,All CALL,Private Call,VU0AAA,Off,Carrier,Off,1,1,1,Off,1,1,None,None,Off,Off,Off,Off,Normal Encryption,Off,Off,Off,Off,251.1,1,Off,On,On,Off,Off,Off,1,0,Off,0,0
2,CH-2 UHF VUCALL,435.5,435.5,A-Analog,Low,12.5K,Off,Off,All CALL,Private Call,VU0AAA,Off,Carrier,Off,1,1,1,Off,1,1,None,None,Off,Off,Off,Off,Normal Encryption,Off,Off,Off,Off,251.1,1,Off,On,On,Off,Off,Off,1,0,Off,0,0
3,CH-1 D-VHFS1,145.5,145.5,D-Digital,Low,12.5K,Off,Off,All CALL,Private Call,VU0AAA,Always,Carrier,Off,1,1,1,Off,1,1,None,None,Off,Off,Off,Off,Normal Encryption,Off,Off,Off,Off,251.1,1,Off,On,On,Off,Off,Off,1,0,Off,0,0
4,CH-2 D-VHFS2,145.5,145.5,D-Digital,Low,12.5K,Off,Off,All CALL,Private Call,VU0AAA,Always,Carrier,Off,1,1,1,Off,1,2,None,None,Off,Off,Off,Off,Normal Encryption,Off,Off,Off,Off,251.1,1,Off,On,On,Off,Off,Off,1,0,Off,0,0
5,CH-1 D-UHFS1,435.5,435.5,D-Digital,Low,12.5K,Off,Off,All CALL,Private Call,VU0AAA,Always,Carrier,Off,1,1,1,Off,1,1,None,None,Off,Off,Off,Off,Normal Encryption,Off,Off,Off,Off,251.1,1,Off,On,On,Off,Off,Off,1,0,Off,0,0
6,CH-2 D-UHFS2,435.5,435.5,D-Digital,Low,12.5K,Off,Off,All CALL,Private Call,VU0AAA,Always,Carrier,Off,1,1,1,Off,1,2,None,None,Off,Off,Off,Off,Normal Encryption,Off,Off,Off,Off,251.1,1,Off,On,On,Off,Off,Off,1,0,Off,0,0
7,CH-1 APRS VHF,144.39,144.39,A-Analog,Low,12.5K,Off,Off,All CALL,Private Call,VU0AAA,Off,Carrier,Off,1,1,1,Off,1,1,None,None,Off,Off,Off,Off,Normal Encryption,Off,Off,Off,Off,131.8,1,Off,Off,Off,Start Of Transmission,Off,Off,1,0,Off,0,0
8,CH-2 APRS UHF,434.39,434.39,A-Analog,Low,12.5K,Off,Off,All CALL,Private Call,VU0AAA,Off,Carrier,Off,1,1,1,Off,1,1,None,None,Off,Off,Off,Off,Normal Encryption,Off,Off,Off,Off,131.8,1,Off,Off,Off,Start Of Transmission,Off,Off,1,0,Off,0,0
9,CH-1 APRS S1 VHF,144.39,144.39,D-Digital,Low,12.5K,Off,Off,All CALL,Private Call,VU0AAA,Off,Carrier,Off,1,1,1,Off,1,1,None,None,Off,Off,Off,Off,Normal Encryption,Off,Off,Off,Off,251.1,1,Off,On,On,Off,Off,Off,1,0,Off,0,0
10,CH-2 APRS S2 VHF,144.39,144.39,D-Digital,Mid,12.5K,Off,Off,All CALL,Private Call,VU0AAA,Off,Carrier,Off,1,1,1,Off,1,1,None,None,Off,Off,Off,Off,Normal Encryption,Off,Off,Off,Off,251.1,1,Off,On,On,Off,Off,Off,1,0,Off,0,0
11,CH-3 APRS S1 UHF,434.39,434.39,D-Digital,Mid,12.5K,Off,Off,All CALL,Private Call,VU0AAA,Off,Carrier,Off,1,1,1,Off,1,2,None,None,Off,Off,Off,Off,Normal Encryption,Off,Off,Off,Off,251.1,1,Off,On,On,Off,Off,Off,1,0,Off,0,0
12,CH-4 APRS S2 VHF,434.39,434.39,D-Digital,Mid,12.5K,Off,Off,All CALL,Private Call,VU0AAA,Off,Carrier,Off,1,1,1,Off,1,1,None,None,Off,Off,Off,Off,Normal Encryption,Off,Off,Off,Off,251.1,1,Off,On,On,Off,Off,Off,1,0,Off,0,0
13,AJI-Guntur,145.45,144.85,A-Analog,Low,12.5K,Off,Off,All CALL,Private Call,VU0AAA,Off,Carrier,Off,1,1,1,Off,1,2,None,None,Off,Off,Off,Off,Normal Encryption,Off,Off,Off,Off,251.1,1,Off,On,On,Off,Off,Off,1,0,Off,0,0
14,KDD-Vijayawada,145.55,144.95,A-Analog,Low,12.5K,Off,Off,All CALL,Private Call,VU0AAA,Off,Carrier,Off,1,1,1,Off,1,2,None,None,Off,Off,Off,Off,Normal Encryption,Off,Off,Off,Off,251.1,1,Off,On,On,Off,Off,Off,1,0,Off,0,0
15,VBR-Visakhapatna,145.4,144.8,A-Analog,Low,12.5K,Off,Off,All CALL,Private Call,VU0AAA,Off,Carrier,Off,1,1,1,Off,1,2,None,None,Off,Off,Off,Off,Normal Encryption,Off,Off,Off,Off,251.1,1,Off,On,On,Off,Off,Off,1,0,Off,0,0
16,RM-Eluru,145.6,145,A-Analog,Low,12.5K,Off,Off,All CALL,Private Call,VU0AAA,Off,Carrier,Off,1,1,1,Off,1,2,None,None,Off,Off,Off,Off,Normal Encryption,Off,Off,Off,Off,251.1,1,Off,On,On,Off,Off,Off,1,0,Off,0,0
17,MMP-Patna,145,144.4,A-Analog,Low,12.5K,Off,Off,All CALL,Private Call,VU0AAA,Off,Carrier,Off,1,1,1,Off,1,2,None,None,Off,Off,Off,Off,Normal Encryption,Off,Off,Off,Off,251.1,1,Off,On,On,Off,Off,Off,1,0,Off,0,0
18,FUN-Delhi,145.67,145.07,A-Analog,Low,12.5K,Off,Off,All CALL,Private Call,VU0AAA,Off,Carrier,Off,1,1,1,Off,1,2,None,None,Off,Off,Off,Off,Normal Encryption,Off,Off,Off,Off,251.1,1,Off,On,On,Off,Off,Off,1,0,Off,0,0
19,HUB-Delhi,435.67,434.07,A-Analog,Low,12.5K,Off,Off,All CALL,Private Call,VU0AAA,Always,Carrier,Off,1,1,1,Off,1,1,None,None,Off,Off,Off,Off,Normal Encryption,Off,Off,Off,Off,251.1,1,Off,On,On,Off,Off,Off,1,0,Off,0,0
20,RRG-Delhi,145.2,145.8,A-Analog,Low,12.5K,Off,Off,All CALL,Private Call,VU0AAA,Always,Carrier,Off,1,1,1,Off,1,2,None,None,Off,Off,Off,Off,Normal Encryption,Off,Off,Off,Off,251.1,1,Off,On,On,Off,Off,Off,1,0,Off,0,0
21,DGS-Delhi,434.9,436.5,A-Analog,Low,12.5K,Off,Off,All CALL,Private Call,VU0AAA,Off,Carrier,Off,1,1,1,Off,1,2,None,None,Off,Off,Off,Off,Normal Encryption,Off,Off,Off,Off,251.1,1,Off,On,On,Off,Off,Off,1,0,Off,0,0
22,DLR-Delhi,145.6,145,A-Analog,Low,12.5K,Off,Off,All CALL,Private Call,VU0AAA,Off,Carrier,Off,1,1,1,Off,1,2,None,None,Off,Off,Off,Off,Normal Encryption,Off,Off,Off,Off,251.1,1,Off,On,On,Off,Off,Off,1,0,Off,0,0
23,HUB-D1-ND,435.67,434.07,D-Digital,Low,12.5K,Off,Off,All CALL,Private Call,VU0AAA,Off,Carrier,Off,1,1,1,Off,1,2,None,None,Off,Off,Off,Off,Normal Encryption,Off,Off,Off,Off,251.1,1,Off,On,On,Off,Off,Off,1,0,Off,0,0
24,HUB-D2-ND,435.67,434.07,D-Digital,Low,12.5K,Off,Off,All CALL,Private Call,VU0AAA,Off,Carrier,Off,1,1,1,Off,1,2,None,None,Off,Off,Off,Off,Normal Encryption,Off,Off,Off,Off,251.1,1,Off,On,On,Off,Off,Off,1,0,Off,0,0
25,YCR-Ahmedabad,145.2,144.6,A-Analog,Low,12.5K,Off,Off,All CALL,Private Call,VU0AAA,Off,Carrier,Off,1,1,1,Off,1,2,None,None,Off,Off,Off,Off,Normal Encryption,Off,Off,Off,Off,251.1,1,Off,On,On,Off,Off,Off,1,0,Off,0,0
26,WDF-Gandhinagar,145.4,144.8,A-Analog,Low,12.5K,Off,Off,All CALL,Private Call,VU0AAA,Off,Carrier,Off,1,1,1,Off,1,2,None,None,Off,Off,Off,Off,Normal Encryption,Off,Off,Off,Off,251.1,1,Off,On,On,Off,Off,Off,1,0,Off,0,0
27,URP-Rajkot,144.25,144.85,A-Analog,Low,12.5K,Off,Off,All CALL,Private Call,VU0AAA,Always,Carrier,Off,1,1,1,Off,1,1,None,None,Off,Off,Off,Off,Normal Encryption,Off,Off,Off,Off,251.1,1,Off,On,On,Off,Off,Off,1,0,Off,0,0
28,IU-Bengaluru,145.8,145.2,A-Analog,Low,12.5K,Off,Off,All CALL,Private Call,VU0AAA,Always,Carrier,Off,1,1,1,Off,1,2,None,None,Off,Off,Off,Off,Normal Encryption,Off,Off,Off,Off,251.1,1,Off,On,On,Off,Off,Off,1,0,Off,0,0
29,TWO-Bengaluru,145.65,145.05,A-Analog,Low,12.5K,Off,Off,All CALL,Private Call,VU0AAA,Off,Carrier,Off,1,1,1,Off,1,2,None,None,Off,Off,Off,Off,Normal Encryption,Off,Off,Off,Off,251.1,1,Off,On,On,Off,Off,Off,1,0,Off,0,0
30,ZOI-Bengaluru,434.05,437.65,A-Analog,Low,12.5K,Off,Off,All CALL,Private Call,VU0AAA,Off,Carrier,Off,1,1,1,Off,1,2,None,None,Off,Off,Off,Off,Normal Encryption,Off,Off,Off,Off,251.1,1,Off,On,On,Off,Off,Off,1,0,Off,0,0
31,ZO-S1Bengalore,145.275,144.675,D-Digital,Low,12.5K,Off,Off,Bangalore,Group Call,VU0AAA,Off,Carrier,Off,1,1,1,Off,1,2,None,None,Off,Off,Off,Off,Normal Encryption,Off,Off,Off,Off,251.1,1,Off,On,On,Off,Off,Off,1,0,Off,0,0
32,ZO-S2Bengalore,145.275,144.675,D-Digital,Low,12.5K,Off,Off,Bangalore,Group Call,VU0AAA,Off,Carrier,Off,1,1,1,Off,1,2,None,None,Off,Off,Off,Off,Normal Encryption,Off,Off,Off,Off,251.1,1,Off,On,On,Off,Off,Off,1,0,Off,0,0
33,RSB-Chikkaballap,145.7,145.1,A-Analog,Low,12.5K,Off,Off,All CALL,Private Call,VU0AAA,Off,Carrier,Off,1,1,1,Off,1,2,None,None,Off,Off,Off,Off,Normal Encryption,Off,Off,Off,Off,251.1,1,Off,On,On,Off,Off,Off,1,0,Off,0,0
34,CHQ-Chikmagalur,144.9,144.3,A-Analog,Low,12.5K,Off,Off,All CALL,Private Call,VU0AAA,Off,Carrier,Off,1,1,1,Off,1,2,None,None,Off,Off,Off,Off,Normal Encryption,Off,Off,Off,Off,251.1,1,Off,On,On,Off,Off,Off,1,0,Off,0,0
35,CIQ-Chikmagalur,434.05,435.65,A-Analog,Low,12.5K,Off,Off,All CALL,Private Call,VU0AAA,Off,Carrier,Off,1,1,1,Off,1,2,None,None,Off,Off,Off,Off,Normal Encryption,Off,Off,Off,Off,251.1,1,Off,On,On,Off,Off,Off,1,0,Off,0,0
36,NIW-Mangaluru,144.825,145.425,A-Analog,Low,12.5K,Off,Off,All CALL,Private Call,VU0AAA,Off,Carrier,Off,1,1,1,Off,1,2,None,None,Off,Off,Off,Off,Normal Encryption,Off,Off,Off,Off,251.1,1,Off,On,On,Off,Off,Off,1,0,Off,0,0
37,TRE-Mysuru,145.725,145.125,A-Analog,Low,12.5K,Off,Off,All CALL,Private Call,VU0AAA,Off,Carrier,Off,1,1,1,Off,1,1,None,None,Off,Off,Off,Off,Normal Encryption,Off,Off,Off,Off,251.1,1,Off,On,On,Off,Off,Off,1,0,Off,0,0
38,FAR-Idukki,145.175,145.775,A-Analog,Low,12.5K,Off,Off,All CALL,Private Call,VU0AAA,Off,Carrier,Off,1,1,1,Off,1,1,None,None,Off,Off,Off,Off,Normal Encryption,Off,Off,Off,Off,251.1,1,Off,On,On,Off,Off,Off,1,0,Off,0,0
39,HEN-Kattapana,145.1,145.7,A-Analog,Low,12.5K,Off,Off,All CALL,Private Call,VU0AAA,Off,Carrier,Off,1,1,1,Off,1,2,None,None,Off,Off,Off,Off,Normal Encryption,Off,Off,Off,Off,251.1,1,Off,On,On,Off,Off,Off,1,0,Off,0,0
40,CHN-Nadukani,145.6,145,A-Analog,Low,12.5K,Off,Off,All CALL,Private Call,VU0AAA,Off,Carrier,Off,1,1,1,Off,1,2,None,None,Off,Off,Off,Off,Normal Encryption,Off,Off,Off,Off,251.1,1,Off,On,On,Off,Off,Off,1,0,Off,0,0
41,WSV-Idukki,145.55,144.95,A-Analog,Low,12.5K,Off,Off,All CALL,Private Call,VU0AAA,Off,Carrier,Off,1,1,1,Off,1,2,None,None,Off,Off,Off,Off,Normal Encryption,Off,Off,Off,Off,251.1,1,Off,On,On,Off,Off,Off,1,0,Off,0,0
42,MWM-Kannur,145.675,145.075,A-Analog,Low,12.5K,Off,Off,All CALL,Private Call,VU0AAA,Off,Carrier,Off,1,1,1,Off,1,2,None,None,Off,Off,Off,Off,Normal Encryption,Off,Off,Off,Off,251.1,1,Off,On,On,Off,Off,Off,1,0,Off,0,0
43,CSD-Kollam,145.35,144.75,A-Analog,Low,12.5K,Off,Off,All CALL,Private Call,VU0AAA,Off,Carrier,Off,1,1,1,Off,1,2,None,None,Off,Off,Off,Off,Normal Encryption,Off,Off,Off,Off,251.1,1,Off,On,On,Off,Off,Off,1,0,Off,0,0
44,GCC-Kollam,145.2,144.6,A-Analog,Low,12.5K,Off,114.8,All CALL,Private Call,VU0AAA,Off,Carrier,Off,1,1,1,Off,1,2,None,None,Off,Off,Off,Off,Normal Encryption,Off,Off,Off,Off,251.1,1,Off,On,On,Off,Off,Off,1,0,Off,0,0
45,IP-Pala,145.265,144.665,A-Analog,Low,12.5K,Off,Off,All CALL,Private Call,VU0AAA,Off,Carrier,Off,1,1,1,Off,1,2,None,None,Off,Off,Off,Off,Normal Encryption,Off,Off,Off,Off,251.1,1,Off,On,On,Off,Off,Off,1,0,Off,0,0
46,TTD-Thodupuzha,145.3,144.7,A-Analog,Low,12.5K,Off,Off,All CALL,Private Call,VU0AAA,Off,Carrier,Off,1,1,1,Off,1,2,None,None,Off,Off,Off,Off,Normal Encryption,Off,Off,Off,Off,251.1,1,Off,On,On,Off,Off,Off,1,0,Off,0,0
47,CSR-Kozhikode,145.625,145.025,A-Analog,Low,12.5K,Off,Off,All CALL,Private Call,VU0AAA,Off,Carrier,Off,1,1,1,Off,1,2,None,None,Off,Off,Off,Off,Normal Encryption,Off,Off,Off,Off,251.1,1,Off,On,On,Off,Off,Off,1,0,Off,0,0
48,EDJ-Vatakara,145.825,144.225,A-Analog,Low,12.5K,Off,Off,All CALL,Private Call,VU0AAA,Off,Carrier,Off,1,1,1,Off,1,2,None,None,Off,Off,Off,Off,Normal Encryption,Off,Off,Off,Off,251.1,1,Off,On,On,Off,Off,Off,1,0,Off,0,0
49,MJJ-Malappuram,145.45,144.85,A-Analog,Low,12.5K,Off,Off,All CALL,Private Call,VU0AAA,Off,Carrier,Off,1,1,1,Off,1,2,None,None,Off,Off,Off,Off,Normal Encryption,Off,Off,Off,Off,251.1,1,Off,On,On,Off,Off,Off,1,0,Off,0,0
50,BCM-Palakkad,145.65,145.05,A-Analog,Low,12.5K,Off,Off,All CALL,Private Call,VU0AAA,Off,Carrier,Off,1,1,1,Off,1,2,None,None,Off,Off,Off,Off,Normal Encryption,Off,Off,Off,Off,251.1,1,Off,On,On,Off,Off,Off,1,0,Off,0,0
51,DFD-Pathanamthit,144.475,145.075,A-Analog,Low,12.5K,Off,Off,All CALL,Private Call,VU0AAA,Off,Carrier,Off,1,1,1,Off,1,2,None,None,Off,Off,Off,Off,Normal Encryption,Off,Off,Off,Off,251.1,1,Off,On,On,Off,Off,Off,1,0,Off,0,0
52,IAC-Thrissur,144.825,144.225,A-Analog,Low,12.5K,Off,Off,All CALL,Private Call,VU0AAA,Off,Carrier,Off,1,1,1,Off,1,2,None,None,Off,Off,Off,Off,Normal Encryption,Off,Off,Off,Off,251.1,1,Off,On,On,Off,Off,Off,1,0,Off,0,0
53,XT-Trivandrum,145.6,145,A-Analog,Low,12.5K,Off,88.5,All CALL,Private Call,VU0AAA,Off,Carrier,Off,1,1,1,Off,1,2,None,None,Off,Off,Off,Off,Normal Encryption,Off,Off,Off,Off,251.1,1,Off,On,On,Off,Off,Off,1,0,Off,0,0
54,YSR-Trivandrum,145.225,144.625,A-Analog,Low,12.5K,Off,Off,All CALL,Private Call,VU0AAA,Off,Carrier,Off,1,1,1,Off,1,2,None,None,Off,Off,Off,Off,Normal Encryption,Off,Off,Off,Off,251.1,1,Off,On,On,Off,Off,Off,1,0,Off,0,0
55,RFF-Wynad,144.145,144.745,A-Analog,Low,12.5K,Off,Off,All CALL,Private Call,VU0AAA,Off,Carrier,Off,1,1,1,Off,1,1,None,None,Off,Off,Off,Off,Normal Encryption,Off,Off,Off,Off,251.1,1,Off,On,On,Off,Off,Off,1,0,Off,0,0
56,MEP-Erranakulam,144.8,144.2,A-Analog,Low,12.5K,Off,Off,All CALL,Private Call,VU0AAA,Off,Carrier,Off,1,1,1,Off,1,2,None,None,Off,Off,Off,Off,Normal Encryption,Off,Off,Off,Off,251.1,1,Off,On,On,Off,Off,Off,1,0,Off,0,0
57,TWC-Thissur,144.2,144.8,A-Analog,Low,12.5K,Off,Off,All CALL,Private Call,VU0AAA,Off,Carrier,Off,1,1,1,Off,1,1,None,None,Off,Off,Off,Off,Normal Encryption,Off,Off,Off,Off,251.1,1,Off,On,On,Off,Off,Off,1,0,Off,0,0
58,GWR-Gwalior,145,145.6,A-Analog,Low,12.5K,Off,Off,All CALL,Private Call,VU0AAA,Off,Carrier,Off,1,1,1,Off,1,1,None,None,Off,Off,Off,Off,Normal Encryption,Off,Off,Off,Off,251.1,1,Off,On,On,Off,Off,Off,1,0,Off,0,0
59,BBB- Mumbai,145,145.6,A-Analog,Low,12.5K,Off,Off,All CALL,Private Call,VU0AAA,Off,Carrier,Off,1,1,1,Off,1,2,None,None,Off,Off,Off,Off,Normal Encryption,Off,Off,Off,Off,251.1,1,Off,On,On,Off,Off,Off,1,0,Off,0,0
60,BPB-W.Mumbai,145.4,144.8,A-Analog,Low,12.5K,Off,Off,All CALL,Private Call,VU0AAA,Off,Carrier,Off,1,1,1,Off,1,2,None,None,Off,Off,Off,Off,Normal Encryption,Off,Off,Off,Off,251.1,1,Off,On,On,Off,Off,Off,1,0,Off,0,0
61,ST-S.Mumbai,144.1,144.7,A-Analog,Low,12.5K,Off,Off,All CALL,Private Call,VU0AAA,Off,Carrier,Off,1,1,1,Off,1,2,None,None,Off,Off,Off,Off,Normal Encryption,Off,Off,Off,Off,251.1,1,Off,On,On,Off,Off,Off,1,0,Off,0,0
62,ETD-Pune,144.8,144.2,A-Analog,Low,12.5K,Off,Off,All CALL,Private Call,VU0AAA,Off,Carrier,Off,1,1,1,Off,1,2,None,None,Off,Off,Off,Off,Normal Encryption,Off,Off,Off,Off,251.1,1,Off,On,On,Off,Off,Off,1,0,Off,0,0
63,PHA-Pune,145.1,145.7,A-Analog,Low,12.5K,Off,Off,All CALL,Private Call,VU0AAA,Off,Carrier,Off,1,1,1,Off,1,2,None,None,Off,Off,Off,Off,Normal Encryption,Off,Off,Off,Off,251.1,1,Off,On,On,Off,Off,Off,1,0,Off,0,0
64,SZA-Pune,145,144.9,A-Analog,Low,12.5K,Off,Off,All CALL,Private Call,VU0AAA,Always,Carrier,Off,1,1,1,Off,1,2,None,None,Off,Off,Off,Off,Normal Encryption,Off,Off,Off,Off,251.1,1,Off,On,On,Off,Off,Off,1,0,Off,0,0
65,DYW-Pune,434.1,435.7,A-Analog,Low,12.5K,Off,Off,All CALL,Private Call,VU0AAA,Off,Carrier,Off,1,1,1,Off,1,1,None,None,Off,Off,Off,Off,Normal Encryption,Off,Off,Off,Off,251.1,1,Off,On,On,Off,Off,Off,1,0,Off,0,0
66,EQG-Pune,145.5,144.9,A-Analog,Low,12.5K,Off,Off,All CALL,Private Call,VU0AAA,Off,Carrier,Off,1,1,1,Off,1,2,None,None,Off,Off,Off,Off,Normal Encryption,Off,Off,Off,Off,251.1,1,Off,On,On,Off,Off,Off,1,0,Off,0,0
67,WMF-Sironi,145.6,145,A-Analog,Low,12.5K,Off,Off,All CALL,Private Call,VU0AAA,Off,Carrier,Off,1,1,1,Off,1,2,None,None,Off,Off,Off,Off,Normal Encryption,Off,Off,Off,Off,251.1,1,Off,On,On,Off,Off,Off,1,0,Off,0,0
68,EBU-Sironi,434.2,435.8,D-Digital,Low,12.5K,Off,Off,All CALL,Private Call,VU0AAA,Off,Carrier,Off,1,1,1,Off,1,2,None,None,Off,Off,Off,Off,Normal Encryption,Off,Off,Off,Off,251.1,1,Off,On,On,Off,Off,Off,1,0,Off,0,0
69,LHS-Chennai,145.55,144.95,A-Analog,Low,12.5K,Off,Off,All CALL,Private Call,VU0AAA,Off,Carrier,Off,1,1,1,Off,1,2,None,None,Off,Off,Off,Off,Normal Encryption,Off,Off,Off,Off,251.1,1,Off,On,On,Off,Off,Off,1,0,Off,0,0
70,MRR-Chennai,145.775,145.175,A-Analog,Low,12.5K,Off,Off,All CALL,Private Call,VU0AAA,Off,Carrier,Off,1,1,1,Off,1,2,None,None,Off,Off,Off,Off,Normal Encryption,Off,Off,Off,Off,251.1,1,Off,On,On,Off,Off,Off,1,0,Off,0,0
71,PUM-Chennai,145.6,145,A-Analog,Low,12.5K,Off,Off,All CALL,Private Call,VU0AAA,Off,Carrier,Off,1,1,1,Off,1,2,None,None,Off,Off,Off,Off,Normal Encryption,Off,Off,Off,Off,251.1,1,Off,On,On,Off,Off,Off,1,0,Off,0,0
72,MVR-Chennai,145.675,145.075,A-Analog,Low,12.5K,Off,Off,All CALL,Private Call,VU0AAA,Off,Carrier,Off,1,1,1,Off,1,2,None,None,Off,Off,Off,Off,Normal Encryption,Off,Off,Off,Off,251.1,1,Off,On,On,Off,Off,Off,1,0,Off,0,0
73,RPT-Coimbatore,145.8,145.2,A-Analog,Low,12.5K,Off,Off,All CALL,Private Call,VU0AAA,Off,Carrier,Off,1,1,1,Off,1,2,None,None,Off,Off,Off,Off,Normal Encryption,Off,Off,Off,Off,251.1,1,Off,On,On,Off,Off,Off,1,0,Off,0,0
74,DND-Kavarakal,144.93,145.53,A-Analog,Low,12.5K,Off,Off,All CALL,Private Call,VU0AAA,Off,Carrier,Off,1,1,1,Off,1,2,None,None,Off,Off,Off,Off,Normal Encryption,Off,Off,Off,Off,251.1,1,Off,On,On,Off,Off,Off,1,0,Off,0,0
75,KOD-Kodaikanal,145.15,144.55,A-Analog,Low,12.5K,Off,Off,All CALL,Private Call,VU0AAA,Off,Carrier,Off,1,1,1,Off,1,2,None,None,Off,Off,Off,Off,Normal Encryption,Off,Off,Off,Off,251.1,1,Off,On,On,Off,Off,Off,1,0,Off,0,0
76,UDT-Udumalpet,144.9,144.3,A-Analog,Low,12.5K,Off,Off,All CALL,Private Call,VU0AAA,Off,Carrier,Off,1,1,1,Off,1,2,None,None,Off,Off,Off,Off,Normal Encryption,Off,Off,Off,Off,251.1,1,Off,On,On,Off,Off,Off,1,0,Off,0,0
77,EOD-Erode,145.375,144.775,A-Analog,Low,12.5K,Off,Off,All CALL,Private Call,VU0AAA,Off,Carrier,Off,1,1,1,Off,1,2,None,None,Off,Off,Off,Off,Normal Encryption,Off,Off,Off,Off,251.1,1,Off,On,On,Off,Off,Off,1,0,Off,0,0
78,LEU-Kanyakumari,145.85,145.25,A-Analog,Low,12.5K,Off,Off,All CALL,Private Call,VU0AAA,Off,Carrier,Off,1,1,1,Off,1,2,None,None,Off,Off,Off,Off,Normal Encryption,Off,Off,Off,Off,251.1,1,Off,On,On,Off,Off,Off,1,0,Off,0,0
79,TCD-Namakkal,145.125,145.725,A-Analog,Low,12.5K,Off,Off,All CALL,Private Call,VU0AAA,Off,Carrier,Off,1,1,1,Off,1,2,None,None,Off,Off,Off,Off,Normal Encryption,Off,Off,Off,Off,251.1,1,Off,On,On,Off,Off,Off,1,0,Off,0,0
80,CPI-Yercaud,145.85,145.25,A-Analog,Low,12.5K,Off,Off,All CALL,Private Call,VU0AAA,Off,Carrier,Off,1,1,1,Off,1,2,None,None,Off,Off,Off,Off,Normal Encryption,Off,Off,Off,Off,251.1,1,Off,On,On,Off,Off,Off,1,0,Off,0,0
81,RMY-Virudhunagar,145.6,145,A-Analog,Low,12.5K,Off,Off,All CALL,Private Call,VU0AAA,Off,Carrier,Off,1,1,1,Off,1,2,None,None,Off,Off,Off,Off,Normal Encryption,Off,Off,Off,Off,251.1,1,Off,On,On,Off,Off,Off,1,0,Off,0,0
82,XIS-Chennai,145.375,145.775,A-Analog,Low,12.5K,Off,Off,All CALL,Private Call,VU0AAA,Off,Carrier,Off,1,1,1,Off,1,2,None,None,Off,Off,Off,Off,Normal Encryption,Off,Off,Off,Off,251.1,1,Off,On,On,Off,Off,Off,1,0,Off,0,0
83,VGC-Chennai,145.575,144.975,A-Analog,Low,12.5K,Off,Off,All CALL,Private Call,VU0AAA,Off,Carrier,Off,1,1,1,Off,1,2,None,None,Off,Off,Off,Off,Normal Encryption,Off,Off,Off,Off,251.1,1,Off,On,On,Off,Off,Off,1,0,Off,0,0
84,AOT-Coimbatore,145.75,145.15,A-Analog,Low,12.5K,Off,Off,All CALL,Private Call,VU0AAA,Off,Carrier,Off,1,1,1,Off,1,2,None,None,Off,Off,Off,Off,Normal Encryption,Off,Off,Off,Off,251.1,1,Off,On,On,Off,Off,Off,1,0,Off,0,0
85,IRT-Nilgiris,144.975,144.375,A-Analog,Low,12.5K,Off,Off,All CALL,Private Call,VU0AAA,Off,Carrier,Off,1,1,1,Off,1,2,None,None,Off,Off,Off,Off,Normal Encryption,Off,Off,Off,Off,251.1,1,Off,On,On,Off,Off,Off,1,0,Off,0,0
86,ECS-Ramanathapur,145.55,144.95,A-Analog,Low,12.5K,Off,Off,All CALL,Private Call,VU0AAA,Off,Carrier,Off,1,1,1,Off,1,2,None,None,Off,Off,Off,Off,Normal Encryption,Off,Off,Off,Off,251.1,1,Off,On,On,Off,Off,Off,1,0,Off,0,0
87,POC-Yercaud,434.95,433.35,A-Analog,Low,12.5K,Off,Off,All CALL,Private Call,VU0AAA,Off,Carrier,Off,1,1,1,Off,1,2,None,None,Off,Off,Off,Off,Normal Encryption,Off,Off,Off,Off,251.1,1,Off,On,On,Off,Off,Off,1,0,Off,0,0
88,YCD-Salem,145.55,144.95,A-Analog,Low,12.5K,Off,Off,All CALL,Private Call,VU0AAA,Off,Carrier,Off,1,1,1,Off,1,1,None,None,Off,Off,Off,Off,Normal Encryption,Off,Off,Off,Off,251.1,1,Off,On,On,Off,Off,Off,1,0,Off,0,0
89,TJR-Thanjavur,145.85,145.25,A-Analog,Low,12.5K,Off,Off,All CALL,Private Call,VU0AAA,Off,Carrier,Off,1,1,1,Off,1,2,None,None,Off,Off,Off,Off,Normal Encryption,Off,Off,Off,Off,251.1,1,Off,On,On,Off,Off,Off,1,0,Off,0,0
90,KJO-Thoothukudi,145.675,145.075,A-Analog,Low,12.5K,Off,Off,All CALL,Private Call,VU0AAA,Off,Carrier,Off,1,1,1,Off,1,2,None,None,Off,Off,Off,Off,Normal Encryption,Off,Off,Off,Off,251.1,1,Off,On,On,Off,Off,Off,1,0,Off,0,0
91,VCM-Vellore,145.475,144.875,A-Analog,Low,12.5K,Off,Off,All CALL,Private Call,VU0AAA,Off,Carrier,Off,1,1,1,Off,1,2,None,None,Off,Off,Off,Off,Normal Encryption,Off,Off,Off,Off,251.1,1,Off,On,On,Off,Off,Off,1,0,Off,0,0
92,LHR-Hyderabad,145.6,145,A-Analog,Low,12.5K,Off,Off,All CALL,Private Call,VU0AAA,Off,Carrier,Off,1,1,1,Off,1,2,None,None,Off,Off,Off,Off,Normal Encryption,Off,Off,Off,Off,251.1,1,Off,On,On,Off,Off,Off,1,0,Off,0,0
93,SDZ-NIAR HYD,144.72,145.32,A-Analog,Low,12.5K,Off,Off,All CALL,Private Call,VU0AAA,Off,Carrier,Off,1,1,1,Off,1,2,None,None,Off,Off,Off,Off,Normal Encryption,Off,Off,Off,Off,251.1,1,Off,On,On,Off,Off,Off,1,0,Off,0,0
94,DLR-Noida,145.6,145,A-Analog,Low,12.5K,Off,Off,All CALL,Private Call,VU0AAA,Off,Carrier,Off,1,1,1,Off,1,2,None,None,Off,Off,Off,Off,Normal Encryption,Off,Off,Off,Off,251.1,1,Off,On,On,Off,Off,Off,1,0,Off,0,0
95,TRJ-Agartala,144.725,144.125,A-Analog,Low,12.5K,Off,Off,All CALL,Private Call,VU0AAA,Off,Carrier,Off,1,1,1,Off,1,2,None,None,Off,Off,Off,Off,Normal Encryption,Off,Off,Off,Off,251.1,1,Off,On,On,Off,Off,Off,1,0,Off,0,0
96,WBR-Kolkata,145,144.4,A-Analog,Low,12.5K,Off,Off,All CALL,Private Call,VU0AAA,Off,Carrier,Off,1,1,1,Off,1,2,None,None,Off,Off,Off,Off,Normal Encryption,Off,Off,Off,Off,251.1,1,Off,On,On,Off,Off,Off,1,0,Off,0,0
97,CVH-Kolkata,145.65,145.05,A-Analog,Low,12.5K,Off,Off,All CALL,Private Call,VU0AAA,Off,Carrier,Off,1,1,1,Off,1,2,None,None,Off,Off,Off,Off,Normal Encryption,Off,Off,Off,Off,251.1,1,Off,On,On,Off,Off,Off,1,0,Off,0,0
98,CVN-Kolkata,145.85,436.5,A-Analog,Low,12.5K,Off,Off,All CALL,Private Call,VU0AAA,Off,Carrier,Off,1,1,1,Off,1,2,None,None,Off,Off,Off,Off,Normal Encryption,Off,Off,Off,Off,251.1,1,Off,On,On,Off,Off,Off,1,0,Off,0,0
99,IWR-Kolkata,145.325,144.725,A-Analog,Low,12.5K,Off,Off,All CALL,Private Call,VU0AAA,Off,Carrier,Off,1,1,1,Off,1,2,None,None,Off,Off,Off,Off,Normal Encryption,Off,Off,Off,Off,251.1,1,Off,On,On,Off,Off,Off,1,0,Off,0,0
100,ISS APRS,145.825,145.825,A-Analog,Low,12.5K,Off,Off,All CALL,Private Call,VU0AAA,Off,Carrier,Off,1,1,1,Off,1,2,None,None,Off,Off,Off,Off,Normal Encryption,Off,Off,Off,Off,251.1,1,Off,On,On,Off,Off,Off,1,0,Off,0,0
101,ISS Repeater,437.8,145.99,A-Analog,Low,12.5K,Off,67,All CALL,Private Call,VU0AAA,Always,Carrier,Off,1,1,1,Off,1,2,None,None,Off,Off,Off,Off,Normal Encryption,Off,Off,Off,Off,251.1,1,Off,On,On,Off,Off,Off,1,0,Off,0,0
102,AO-91,145.96,435.25,A-Analog,Low,12.5K,Off,67,All CALL,Private Call,VU0AAA,Always,Carrier,Off,1,1,1,Off,1,2,None,None,Off,Off,Off,Off,Normal Encryption,Off,Off,Off,Off,251.1,1,Off,On,On,Off,Off,Off,1,0,Off,0,0
103,IO-86,435.88,145.88,A-Analog,Low,12.5K,Off,88.5,All CALL,Private Call,VU0AAA,Always,Carrier,Off,1,1,1,Off,1,2,None,None,Off,Off,Off,Off,Normal Encryption,Off,Off,Off,Off,251.1,1,Off,On,On,Off,Off,Off,1,0,Off,0,0
104,PO-101,145.9,437.5,A-Analog,Low,12.5K,Off,141.3,All CALL,Private Call,VU0AAA,Always,Carrier,Off,1,1,1,Off,1,2,None,None,Off,Off,Off,Off,Normal Encryption,Off,Off,Off,Off,251.1,1,Off,On,On,Off,Off,Off,1,0,Off,0,0
105,INDIA,436.5,436.5,D-Digital,Low,12.5K,Off,Off,INDIA,Group Call,VU0AAA,Always,Carrier,Off,1,1,1,Off,1,2,None,None,Off,Off,Off,Off,Normal Encryption,Off,Off,Off,Off,251.1,1,Off,On,On,Off,Off,Off,1,0,Off,0,0
106,EMCOM INDIA,436.5,436.5,D-Digital,Low,12.5K,Off,Off,EMCOM INDIA,Group Call,VU0AAA,Always,Carrier,Off,1,1,1,Off,1,2,None,None,Off,Off,Off,Off,Normal Encryption,Off,Off,Off,Off,251.1,1,Off,On,On,Off,Off,Off,1,0,Off,0,0
107,AndhraPradesh,436.5,436.5,D-Digital,Low,12.5K,Off,Off,AndhraPradesh,Group Call,VU0AAA,Always,Carrier,Off,1,1,1,Off,1,2,None,None,Off,Off,Off,Off,Normal Encryption,Off,Off,Off,Off,251.1,1,Off,On,On,Off,Off,Off,1,0,Off,0,0
108,ArunachalPradesh,436.5,436.5,D-Digital,Low,12.5K,Off,Off,ArunachalPradesh,Group Call,VU0AAA,Always,Carrier,Off,1,1,1,Off,1,2,None,None,Off,Off,Off,Off,Normal Encryption,Off,Off,Off,Off,251.1,1,Off,On,On,Off,Off,Off,1,0,Off,0,0
109,Assam,436.5,436.5,D-Digital,Low,12.5K,Off,Off,Assam,Group Call,VU0AAA,Always,Carrier,Off,1,1,1,Off,1,2,None,None,Off,Off,Off,Off,Normal Encryption,Off,Off,Off,Off,251.1,1,Off,On,On,Off,Off,Off,1,0,Off,0,0
110,Bihar,436.5,436.5,D-Digital,Low,12.5K,Off,Off,Bihar,Group Call,VU0AAA,Always,Carrier,Off,1,1,1,Off,1,2,None,None,Off,Off,Off,Off,Normal Encryption,Off,Off,Off,Off,251.1,1,Off,On,On,Off,Off,Off,1,0,Off,0,0
111,Chattisgarh,436.5,436.5,D-Digital,Low,12.5K,Off,Off,Chattisgarh,Group Call,VU0AAA,Always,Carrier,Off,1,1,1,Off,1,2,None,None,Off,Off,Off,Off,Normal Encryption,Off,Off,Off,Off,251.1,1,Off,On,On,Off,Off,Off,1,0,Off,0,0
112,Chandigarh,436.5,436.5,D-Digital,Low,12.5K,Off,Off,Chandigarh,Group Call,VU0AAA,Always,Carrier,Off,1,1,1,Off,1,2,None,None,Off,Off,Off,Off,Normal Encryption,Off,Off,Off,Off,251.1,1,Off,On,On,Off,Off,Off,1,0,Off,0,0
113,Kerala,436.5,436.5,D-Digital,Low,12.5K,Off,Off,Kerala,Group Call,VU0AAA,Always,Carrier,Off,1,1,1,Off,1,2,None,None,Off,Off,Off,Off,Normal Encryption,Off,Off,Off,Off,251.1,1,Off,On,On,Off,Off,Off,1,0,Off,0,0
114,Goa,436.5,436.5,D-Digital,Low,12.5K,Off,Off,Goa,Group Call,VU0AAA,Always,Carrier,Off,1,1,1,Off,1,2,None,None,Off,Off,Off,Off,Normal Encryption,Off,Off,Off,Off,251.1,1,Off,On,On,Off,Off,Off,1,0,Off,0,0
115,Gujarat,436.5,436.5,D-Digital,Low,12.5K,Off,Off,Gujarat,Group Call,VU0AAA,Always,Carrier,Off,1,1,1,Off,1,2,None,None,Off,Off,Off,Off,Normal Encryption,Off,Off,Off,Off,251.1,1,Off,On,On,Off,Off,Off,1,0,Off,0,0
116,Haryana,436.5,436.5,D-Digital,Low,12.5K,Off,Off,Haryana,Group Call,VU0AAA,Always,Carrier,Off,1,1,1,Off,1,2,None,None,Off,Off,Off,Off,Normal Encryption,Off,Off,Off,Off,251.1,1,Off,On,On,Off,Off,Off,1,0,Off,0,0
117,HimachalPradesh,436.5,436.5,D-Digital,Low,12.5K,Off,Off,HimachalPradesh,Group Call,VU0AAA,Always,Carrier,Off,1,1,1,Off,1,2,None,None,Off,Off,Off,Off,Normal Encryption,Off,Off,Off,Off,251.1,1,Off,On,On,Off,Off,Off,1,0,Off,0,0
118,Jammu&Kashmir,436.5,436.5,D-Digital,Low,12.5K,Off,Off,Jammu&Kashmir,Group Call,VU0AAA,Always,Carrier,Off,1,1,1,Off,1,2,None,None,Off,Off,Off,Off,Normal Encryption,Off,Off,Off,Off,251.1,1,Off,On,On,Off,Off,Off,1,0,Off,0,0
119,Jharkhand,436.5,436.5,D-Digital,Low,12.5K,Off,Off,Jharkhand,Group Call,VU0AAA,Always,Carrier,Off,1,1,1,Off,1,2,None,None,Off,Off,Off,Off,Normal Encryption,Off,Off,Off,Off,251.1,1,Off,On,On,Off,Off,Off,1,0,Off,0,0
120,Karnataka,436.5,436.5,D-Digital,Low,12.5K,Off,Off,Karnataka,Group Call,VU0AAA,Always,Carrier,Off,1,1,1,Off,1,2,None,None,Off,Off,Off,Off,Normal Encryption,Off,Off,Off,Off,251.1,1,Off,On,On,Off,Off,Off,1,0,Off,0,0
121,LakshadweepIslan,436.5,436.5,D-Digital,Low,12.5K,Off,Off,LakshadweepIslan,Group Call,VU0AAA,Always,Carrier,Off,1,1,1,Off,1,2,None,None,Off,Off,Off,Off,Normal Encryption,Off,Off,Off,Off,251.1,1,Off,On,On,Off,Off,Off,1,0,Off,0,0
122,MadhyaPradesh,436.5,436.5,D-Digital,Low,12.5K,Off,Off,MadhyaPradesh,Group Call,VU0AAA,Always,Carrier,Off,1,1,1,Off,1,2,None,None,Off,Off,Off,Off,Normal Encryption,Off,Off,Off,Off,251.1,1,Off,On,On,Off,Off,Off,1,0,Off,0,0
123,Maharashtra,436.5,436.5,D-Digital,Low,12.5K,Off,Off,Maharashtra,Group Call,VU0AAA,Always,Carrier,Off,1,1,1,Off,1,2,None,None,Off,Off,Off,Off,Normal Encryption,Off,Off,Off,Off,251.1,1,Off,On,On,Off,Off,Off,1,0,Off,0,0
124,Manipur,436.5,436.5,D-Digital,Low,12.5K,Off,Off,Manipur,Group Call,VU0AAA,Always,Carrier,Off,1,1,1,Off,1,2,None,None,Off,Off,Off,Off,Normal Encryption,Off,Off,Off,Off,251.1,1,Off,On,On,Off,Off,Off,1,0,Off,0,0
125,Meghalaya,436.5,436.5,D-Digital,Low,12.5K,Off,Off,Meghalaya,Group Call,VU0AAA,Always,Carrier,Off,1,1,1,Off,1,2,None,None,Off,Off,Off,Off,Normal Encryption,Off,Off,Off,Off,251.1,1,Off,On,On,Off,Off,Off,1,0,Off,0,0
126,Mizoram,436.5,436.5,D-Digital,Low,12.5K,Off,Off,Mizoram,Group Call,VU0AAA,Always,Carrier,Off,1,1,1,Off,1,2,None,None,Off,Off,Off,Off,Normal Encryption,Off,Off,Off,Off,251.1,1,Off,On,On,Off,Off,Off,1,0,Off,0,0
127,Nagaland,436.5,436.5,D-Digital,Low,12.5K,Off,Off,Nagaland,Group Call,VU0AAA,Always,Carrier,Off,1,1,1,Off,1,2,None,None,Off,Off,Off,Off,Normal Encryption,Off,Off,Off,Off,251.1,1,Off,On,On,Off,Off,Off,1,0,Off,0,0
128,Odisha,436.5,436.5,D-Digital,Low,12.5K,Off,Off,Odisha,Group Call,VU0AAA,Always,Carrier,Off,1,1,1,Off,1,2,None,None,Off,Off,Off,Off,Normal Encryption,Off,Off,Off,Off,251.1,1,Off,On,On,Off,Off,Off,1,0,Off,0,0
129,Pondicherry,436.5,436.5,D-Digital,Low,12.5K,Off,Off,Pondicherry,Group Call,VU0AAA,Always,Carrier,Off,1,1,1,Off,1,2,None,None,Off,Off,Off,Off,Normal Encryption,Off,Off,Off,Off,251.1,1,Off,On,On,Off,Off,Off,1,0,Off,0,0
130,Punjab,436.5,436.5,D-Digital,Low,12.5K,Off,Off,Punjab,Group Call,VU0AAA,Always,Carrier,Off,1,1,1,Off,1,2,None,None,Off,Off,Off,Off,Normal Encryption,Off,Off,Off,Off,251.1,1,Off,On,On,Off,Off,Off,1,0,Off,0,0
131,Rajasthan,436.5,436.5,D-Digital,Low,12.5K,Off,Off,Rajasthan,Group Call,VU0AAA,Always,Carrier,Off,1,1,1,Off,1,2,None,None,Off,Off,Off,Off,Normal Encryption,Off,Off,Off,Off,251.1,1,Off,On,On,Off,Off,Off,1,0,Off,0,0
132,Sikkim,436.5,436.5,D-Digital,Low,12.5K,Off,Off,Sikkim,Group Call,VU0AAA,Always,Carrier,Off,1,1,1,Off,1,2,None,None,Off,Off,Off,Off,Normal Encryption,Off,Off,Off,Off,251.1,1,Off,On,On,Off,Off,Off,1,0,Off,0,0
133,TamilNadu,436.5,436.5,D-Digital,Low,12.5K,Off,Off,TamilNadu,Group Call,VU0AAA,Always,Carrier,Off,1,1,1,Off,1,2,None,None,Off,Off,Off,Off,Normal Encryption,Off,Off,Off,Off,251.1,1,Off,On,On,Off,Off,Off,1,0,Off,0,0
134,Telangana,436.5,436.5,D-Digital,Low,12.5K,Off,Off,Telangana,Group Call,VU0AAA,Always,Carrier,Off,1,1,1,Off,1,2,None,None,Off,Off,Off,Off,Normal Encryption,Off,Off,Off,Off,251.1,1,Off,On,On,Off,Off,Off,1,0,Off,0,0
135,Tripura,436.5,436.5,D-Digital,Low,12.5K,Off,Off,Tripura,Group Call,VU0AAA,Always,Carrier,Off,1,1,1,Off,1,2,None,None,Off,Off,Off,Off,Normal Encryption,Off,Off,Off,Off,251.1,1,Off,On,On,Off,Off,Off,1,0,Off,0,0
136,Delhi,436.5,436.5,D-Digital,Low,12.5K,Off,Off,Delhi,Group Call,VU0AAA,Always,Carrier,Off,1,1,1,Off,1,2,None,None,Off,Off,Off,Off,Normal Encryption,Off,Off,Off,Off,251.1,1,Off,On,On,Off,Off,Off,1,0,Off,0,0
137,UttarPradesh,436.5,436.5,D-Digital,Low,12.5K,Off,Off,UttarPradesh,Group Call,VU0AAA,Always,Carrier,Off,1,1,1,Off,1,2,None,None,Off,Off,Off,Off,Normal Encryption,Off,Off,Off,Off,251.1,1,Off,On,On,Off,Off,Off,1,0,Off,0,0
138,Uttarakhand,436.5,436.5,D-Digital,Low,12.5K,Off,Off,Uttarakhand,Group Call,VU0AAA,Always,Carrier,Off,1,1,1,Off,1,2,None,None,Off,Off,Off,Off,Normal Encryption,Off,Off,Off,Off,251.1,1,Off,On,On,Off,Off,Off,1,0,Off,0,0
139,WestBengal,436.5,436.5,D-Digital,Low,12.5K,Off,Off,WestBengal,Group Call,VU0AAA,Always,Carrier,Off,1,1,1,Off,1,2,None,None,Off,Off,Off,Off,Normal Encryption,Off,Off,Off,Off,251.1,1,Off,On,On,Off,Off,Off,1,0,Off,0,0
140,Andaman & Nicoba,436.5,436.5,D-Digital,Low,12.5K,Off,Off,Andaman & Nicoba,Group Call,VU0AAA,Always,Carrier,Off,1,1,1,Off,1,2,None,None,Off,Off,Off,Off,Normal Encryption,Off,Off,Off,Off,251.1,1,Off,On,On,Off,Off,Off,1,0,Off,0,0
141,Dadra & Nagar Ha,436.5,436.5,D-Digital,Low,12.5K,Off,Off,Dadra & Nagar Ha,Group Call,VU0AAA,Always,Carrier,Off,1,1,1,Off,1,2,None,None,Off,Off,Off,Off,Normal Encryption,Off,Off,Off,Off,251.1,1,Off,On,On,Off,Off,Off,1,0,Off,0,0
142,Daman & Diu,436.5,436.5,D-Digital,Low,12.5K,Off,Off,Daman & Diu,Group Call,VU0AAA,Always,Carrier,Off,1,1,1,Off,1,2,None,None,Off,Off,Off,Off,Normal Encryption,Off,Off,Off,Off,251.1,1,Off,On,On,Off,Off,Off,1,0,Off,0,0
143,Ladakh,436.5,436.5,D-Digital,Low,12.5K,Off,Off,Ladakh,Group Call,VU0AAA,Always,Carrier,Off,1,1,1,Off,1,2,None,None,Off,Off,Off,Off,Normal Encryption,Off,Off,Off,Off,251.1,1,Off,On,On,Off,Off,Off,1,0,Off,0,0
144,Hyderabad,436.5,436.5,D-Digital,Low,12.5K,Off,Off,Hyderabad,Group Call,VU0AAA,Always,Carrier,Off,1,1,1,Off,1,2,None,None,Off,Off,Off,Off,Normal Encryption,Off,Off,Off,Off,251.1,1,Off,On,On,Off,Off,Off,1,0,Off,0,0
145,Visakhapatnam,436.5,436.5,D-Digital,Low,12.5K,Off,Off,Visakhapatnam,Group Call,VU0AAA,Always,Carrier,Off,1,1,1,Off,1,2,None,None,Off,Off,Off,Off,Normal Encryption,Off,Off,Off,Off,251.1,1,Off,On,On,Off,Off,Off,1,0,Off,0,0
146,Bangalore,436.5,436.5,D-Digital,Low,12.5K,Off,Off,Bangalore,Group Call,VU0AAA,Always,Carrier,Off,1,1,1,Off,1,2,None,None,Off,Off,Off,Off,Normal Encryption,Off,Off,Off,Off,251.1,1,Off,On,On,Off,Off,Off,1,0,Off,0,0
147,India Radio Test,436.5,436.5,D-Digital,Low,12.5K,Off,Off,India Radio Test,Group Call,VU0AAA,Always,Carrier,Off,1,1,1,Off,1,2,None,None,Off,Off,Off,Off,Normal Encryption,Off,Off,Off,Off,251.1,1,Off,On,On,Off,Off,Off,1,0,Off,0,0
148,Peanut YSF INDIA,436.5,436.5,D-Digital,Low,12.5K,Off,Off,Peanut YSF INDIA,Group Call,VU0AAA,Always,Carrier,Off,1,1,1,Off,1,2,None,None,Off,Off,Off,Off,Normal Encryption,Off,Off,Off,Off,251.1,1,Off,On,On,Off,Off,Off,1,0,Off,0,0
149,YSF INDIA,436.5,436.5,D-Digital,Low,12.5K,Off,Off,YSF INDIA,Group Call,VU0AAA,Always,Carrier,Off,1,1,1,Off,1,2,None,None,Off,Off,Off,Off,Normal Encryption,Off,Off,Off,Off,251.1,1,Off,On,On,Off,Off,Off,1,0,Off,0,0
150,Parrot EchoTest,436.5,436.5,D-Digital,Low,12.5K,Off,Off,Parrot EchoTest,Private Call,VU0AAA,Always,Carrier,Off,1,1,1,Off,1,2,None,None,Off,Off,Off,Off,Normal Encryption,Off,Off,Off,Off,251.1,1,Off,On,On,Off,Off,Off,1,0,Off,0,0
151,W-W Maritime,436.5,436.5,D-Digital,Low,12.5K,Off,Off,WW-Marinetime,Group Call,VU0AAA,Always,Carrier,Off,1,1,1,Off,1,2,None,None,Off,Off,Off,Off,Normal Encryption,Off,Off,Off,Off,251.1,1,Off,On,On,Off,Off,Off,1,0,Off,0,0
152,W-W Avation,436.5,436.5,D-Digital,Low,12.5K,Off,Off,WW-Avation,Group Call,VU0AAA,Always,Carrier,Off,1,1,1,Off,1,2,None,None,Off,Off,Off,Off,Normal Encryption,Off,Off,Off,Off,251.1,1,Off,On,On,Off,Off,Off,1,0,Off,0,0
153,Reddit,436.5,436.5,D-Digital,Low,12.5K,Off,Off,Reddit,Group Call,VU0AAA,Always,Carrier,Off,1,1,1,Off,1,2,None,None,Off,Off,Off,Off,Normal Encryption,Off,Off,Off,Off,251.1,1,Off,On,On,Off,Off,Off,1,0,Off,0,0
154,AMSAT,436.5,436.5,D-Digital,Low,12.5K,Off,Off,AMSAT,Group Call,VU0AAA,Always,Carrier,Off,1,1,1,Off,1,2,None,None,Off,Off,Off,Off,Normal Encryption,Off,Off,Off,Off,251.1,1,Off,On,On,Off,On,Off,1,0,Off,0,0
155,World-wide,436.5,436.5,D-Digital,Low,12.5K,Off,Off,World-wide,Group Call,VU0AAA,Always,Carrier,Off,1,1,1,Off,1,2,None,None,Off,Off,Off,Off,Normal Encryption,Off,Off,Off,Off,251.1,1,Off,On,On,Off,Off,Off,1,0,Off,0,0
156,Europe,436.5,436.5,D-Digital,Low,12.5K,Off,Off,Europe,Group Call,VU0AAA,Always,Carrier,Off,1,1,1,Off,1,2,None,None,Off,Off,Off,Off,Normal Encryption,Off,Off,Off,Off,251.1,1,Off,On,On,Off,Off,Off,1,0,Off,0,0
157,North America,436.5,436.5,D-Digital,Low,12.5K,Off,Off,North America,Group Call,VU0AAA,Always,Carrier,Off,1,1,1,Off,1,2,None,None,Off,Off,Off,Off,Normal Encryption,Off,Off,Off,Off,251.1,1,Off,On,On,Off,Off,Off,1,0,Off,0,0
158,"Asia, M East",436.5,436.5,D-Digital,Low,12.5K,Off,Off,"Asia,Meast",Group Call,VU0AAA,Always,Carrier,Off,1,1,1,Off,1,2,None,None,Off,Off,Off,Off,Normal Encryption,Off,Off,Off,Off,251.1,1,Off,On,On,Off,Off,Off,1,0,Off,0,0
159,"Australia,NewZ",436.5,436.5,D-Digital,Low,12.5K,Off,Off,"Australia,NewZ",Group Call,VU0AAA,Always,Carrier,Off,1,1,1,Off,1,2,None,None,Off,Off,Off,Off,Normal Encryption,Off,Off,Off,Off,251.1,1,Off,On,On,Off,Off,Off,1,0,Off,0,0
160,Radio Test,436.5,436.5,D-Digital,Low,12.5K,Off,Off,Radio Test,Group Call,VU0AAA,Always,Carrier,Off,1,1,1,Off,1,2,None,None,Off,Off,Off,Off,Normal Encryption,Off,Off,Off,Off,251.1,1,Off,On,On,Off,Off,Off,1,0,Off,0,0
161,WW Tac 1,436.5,436.5,D-Digital,Low,12.5K,Off,Off,WW Tac 1,Group Call,VU0AAA,Always,Carrier,Off,1,1,1,Off,1,2,None,None,Off,Off,Off,Off,Normal Encryption,Off,Off,Off,Off,251.1,1,Off,On,On,Off,Off,Off,1,0,Off,0,0
162,WW Tac 2,436.5,436.5,D-Digital,Low,12.5K,Off,Off,WW Tac 2,Group Call,VU0AAA,Always,Carrier,Off,1,1,1,Off,1,2,None,None,Off,Off,Off,Off,Normal Encryption,Off,Off,Off,Off,251.1,1,Off,On,On,Off,Off,Off,1,0,Off,0,0
163,WW Tac 3,436.5,436.5,D-Digital,Low,12.5K,Off,Off,WW Tac 3,Group Call,VU0AAA,Always,Carrier,Off,1,1,1,Off,1,2,None,None,Off,Off,Off,Off,Normal Encryption,Off,Off,Off,Off,251.1,1,Off,On,On,Off,Off,Off,1,0,Off,0,0
164,JOTA,436.5,436.5,D-Digital,Low,12.5K,Off,Off,JOTA,Group Call,VU0AAA,Always,Carrier,Off,1,1,1,Off,1,2,None,None,Off,Off,Off,Off,Normal Encryption,Off,Off,Off,Off,251.1,1,Off,On,On,Off,Off,Off,1,0,Off,0,0
165,German,436.5,436.5,D-Digital,Low,12.5K,Off,Off,German,Group Call,VU0AAA,Always,Carrier,Off,1,1,1,Off,1,2,None,None,Off,Off,Off,Off,Normal Encryption,Off,Off,Off,Off,251.1,1,Off,On,On,Off,Off,Off,1,0,Off,0,0
166,English,436.5,436.5,D-Digital,Low,12.5K,Off,Off,English,Group Call,VU0AAA,Always,Carrier,Off,1,1,1,Off,1,2,None,None,Off,Off,Off,Off,Normal Encryption,Off,Off,Off,Off,251.1,1,Off,On,On,Off,Off,Off,1,0,Off,0,0
167,Spanish,436.5,436.5,D-Digital,Low,12.5K,Off,Off,Spanish,Group Call,VU0AAA,Always,Carrier,Off,1,1,1,Off,1,2,None,None,Off,Off,Off,Off,Normal Encryption,Off,Off,Off,Off,251.1,1,Off,On,On,Off,Off,Off,1,0,Off,0,0
168,Portuguese,436.5,436.5,D-Digital,Low,12.5K,Off,Off,Portuguese,Group Call,VU0AAA,Always,Carrier,Off,1,1,1,Off,1,2,None,None,Off,Off,Off,Off,Normal Encryption,Off,Off,Off,Off,251.1,1,Off,On,On,Off,Off,Off,1,0,Off,0,0
169,Italian,436.5,436.5,D-Digital,Low,12.5K,Off,Off,Italian,Group Call,VU0AAA,Always,Carrier,Off,1,1,1,Off,1,2,None,None,Off,Off,Off,Off,Normal Encryption,Off,Off,Off,Off,251.1,1,Off,On,On,Off,Off,Off,1,0,Off,0,0
170,YOTA,436.5,436.5,D-Digital,Low,12.5K,Off,Off,YOTA,Group Call,VU0AAA,Always,Carrier,Off,1,1,1,Off,1,2,None,None,Off,Off,Off,Off,Normal Encryption,Off,Off,Off,Off,251.1,1,Off,On,On,Off,Off,Off,1,0,Off,0,0
171,"DL, OE, HB9",436.5,436.5,D-Digital,Low,12.5K,Off,Off,"DL, OE, HB9",Group Call,VU0AAA,Always,Carrier,Off,1,1,1,Off,1,2,None,None,Off,Off,Off,Off,Normal Encryption,Off,Off,Off,Off,251.1,1,Off,On,On,Off,Off,Off,1,0,Off,0,0
172,Dutch,436.5,436.5,D-Digital,Low,12.5K,Off,Off,Dutch,Group Call,VU0AAA,Always,Carrier,Off,1,1,1,Off,1,2,None,None,Off,Off,Off,Off,Normal Encryption,Off,Off,Off,Off,251.1,1,Off,On,On,Off,Off,Off,1,0,Off,0,0
173,European English,436.5,436.5,D-Digital,Low,12.5K,Off,Off,European English,Group Call,VU0AAA,Always,Carrier,Off,1,1,1,Off,1,2,None,None,Off,Off,Off,Off,Normal Encryption,Off,Off,Off,Off,251.1,1,Off,On,On,Off,Off,Off,1,0,Off,0,0
174,Swedish,436.5,436.5,D-Digital,Low,12.5K,Off,Off,Swedish,Group Call,VU0AAA,Always,Carrier,Off,1,1,1,Off,1,2,None,None,Off,Off,Off,Off,Normal Encryption,Off,Off,Off,Off,251.1,1,Off,On,On,Off,Off,Off,1,0,Off,0,0
175,Nordic,436.5,436.5,D-Digital,Low,12.5K,Off,Off,Nordic,Group Call,VU0AAA,Always,Carrier,Off,1,1,1,Off,1,2,None,None,Off,Off,Off,Off,Normal Encryption,Off,Off,Off,Off,251.1,1,Off,On,On,Off,Off,Off,1,0,Off,0,0
176,PanHellenic Chat,436.5,436.5,D-Digital,Low,12.5K,Off,Off,PanHellenic Chat,Group Call,VU0AAA,Always,Carrier,Off,1,1,1,Off,1,2,None,None,Off,Off,Off,Off,Normal Encryption,Off,Off,Off,Off,251.1,1,Off,On,On,Off,Off,Off,1,0,Off,0,0
177,Francophonie,436.5,436.5,D-Digital,Low,12.5K,Off,Off,Francophonie,Group Call,VU0AAA,Always,Carrier,Off,1,1,1,Off,1,2,None,None,Off,Off,Off,Off,Normal Encryption,Off,Off,Off,Off,251.1,1,Off,On,On,Off,Off,Off,1,0,Off,0,0
178,Arabic,436.5,436.5,D-Digital,Low,12.5K,Off,Off,Arabic,Group Call,VU0AAA,Always,Carrier,Off,1,1,1,Off,1,2,None,None,Off,Off,Off,Off,Normal Encryption,Off,Off,Off,Off,251.1,1,Off,On,On,Off,Off,Off,1,0,Off,0,0
179,WWYL,436.5,436.5,D-Digital,Low,12.5K,Off,Off,WWYL,Group Call,VU0AAA,Always,Carrier,Off,1,1,1,Off,1,2,None,None,Off,Off,Off,Off,Normal Encryption,Off,Off,Off,Off,251.1,1,Off,On,On,Off,Off,Off,1,0,Off,0,0
180,DMR-Caribbean,436.5,436.5,D-Digital,Low,12.5K,Off,Off,DMR-Caribbean,Group Call,VU0AAA,Always,Carrier,Off,1,1,1,Off,1,2,None,None,Off,Off,Off,Off,Normal Encryption,Off,Off,Off,Off,251.1,1,Off,On,On,Off,Off,Off,1,0,Off,0,0
181,Basque,436.5,436.5,D-Digital,Low,12.5K,Off,Off,Basque,Group Call,VU0AAA,Always,Carrier,Off,1,1,1,Off,1,2,None,None,Off,Off,Off,Off,Normal Encryption,Off,Off,Off,Off,251.1,1,Off,On,On,Off,Off,Off,1,0,Off,0,0
182,SOTA,436.5,436.5,D-Digital,Low,12.5K,Off,Off,SOTA,Group Call,VU0AAA,Always,Carrier,Off,1,1,1,Off,1,2,None,None,Off,Off,Off,Off,Normal Encryption,Off,Off,Off,Off,251.1,1,Off,On,On,Off,Off,Off,1,0,Off,0,0
183,JOTA Tac 1,436.5,436.5,D-Digital,Low,12.5K,Off,Off,JOTA Tac 1,Group Call,VU0AAA,Always,Carrier,Off,1,1,1,Off,1,2,None,None,Off,Off,Off,Off,Normal Encryption,Off,Off,Off,Off,251.1,1,Off,On,On,Off,Off,Off,1,0,Off,0,0
184,JOTA Tac 2,436.5,436.5,D-Digital,Low,12.5K,Off,Off,JOTA Tac 2,Group Call,VU0AAA,Always,Carrier,Off,1,1,1,Off,1,2,None,None,Off,Off,Off,Off,Normal Encryption,Off,Off,Off,Off,251.1,1,Off,On,On,Off,Off,Off,1,0,Off,0,0
185,JOTA Tac 3,436.5,436.5,D-Digital,Low,12.5K,Off,Off,JOTA Tac 3,Group Call,VU0AAA,Always,Carrier,Off,1,1,1,Off,1,2,None,None,Off,Off,Off,Off,Normal Encryption,Off,Off,Off,Off,251.1,1,Off,On,On,Off,Off,Off,1,0,Off,0,0
186,JOTA Tac 4,436.5,436.5,D-Digital,Low,12.5K,Off,Off,JOTA Tac 4,Group Call,VU0AAA,Always,Carrier,Off,1,1,1,Off,1,2,None,None,Off,Off,Off,Off,Normal Encryption,Off,Off,Off,Off,251.1,1,Off,On,On,Off,Off,Off,1,0,Off,0,0
187,JOTA Tac 5,436.5,436.5,D-Digital,Low,12.5K,Off,Off,JOTA Tac 5,Group Call,VU0AAA,Always,Carrier,Off,1,1,1,Off,1,2,None,None,Off,Off,Off,Off,Normal Encryption,Off,Off,Off,Off,251.1,1,Off,On,On,Off,Off,Off,1,0,Off,0,0
188,JOTA Tac 6,436.5,436.5,D-Digital,Low,12.5K,Off,Off,JOTA Tac 6,Group Call,VU0AAA,Always,Carrier,Off,1,1,1,Off,1,2,None,None,Off,Off,Off,Off,Normal Encryption,Off,Off,Off,Off,251.1,1,Off,On,On,Off,Off,Off,1,0,Off,0,0
189,JOTA Tac 7,436.5,436.5,D-Digital,Low,12.5K,Off,Off,JOTA Tac 7,Group Call,VU0AAA,Always,Carrier,Off,1,1,1,Off,1,2,None,None,Off,Off,Off,Off,Normal Encryption,Off,Off,Off,Off,251.1,1,Off,On,On,Off,Off,Off,1,0,Off,0,0
190,JOTA Tac 8,436.5,436.5,D-Digital,Low,12.5K,Off,Off,JOTA Tac 8,Group Call,VU0AAA,Always,Carrier,Off,1,1,1,Off,1,2,None,None,Off,Off,Off,Off,Normal Encryption,Off,Off,Off,Off,251.1,1,Off,On,On,Off,Off,Off,1,0,Off,0,0
191,XRF007 B,436.5,436.5,D-Digital,Low,12.5K,Off,Off,XRF007 B,Group Call,VU0AAA,Always,Carrier,Off,1,1,1,Off,1,2,None,None,Off,Off,Off,Off,Normal Encryption,Off,Off,Off,Off,251.1,1,Off,On,On,Off,Off,Off,1,0,Off,0,0
192,Emcom EU,436.5,436.5,D-Digital,Low,12.5K,Off,Off,Emcom EU,Group Call,VU0AAA,Always,Carrier,Off,1,1,1,Off,1,2,None,None,Off,Off,Off,Off,Normal Encryption,Off,Off,Off,Off,251.1,1,Off,On,On,Off,Off,Off,1,0,Off,0,0
193,EURAO,436.5,436.5,D-Digital,Low,12.5K,Off,Off,EURAO,Group Call,VU0AAA,Always,Carrier,Off,1,1,1,Off,1,2,None,None,Off,Off,Off,Off,Normal Encryption,Off,Off,Off,Off,251.1,1,Off,On,On,Off,Off,Off,1,0,Off,0,0
194,Francophonie C4F,436.5,436.5,D-Digital,Low,12.5K,Off,Off,Francophonie C4F,Group Call,VU0AAA,Always,Carrier,Off,1,1,1,Off,1,2,None,None,Off,Off,Off,Off,Normal Encryption,Off,Off,Off,Off,251.1,1,Off,On,On,Off,Off,Off,1,0,Off,0,0
195,ATV Talk,436.5,436.5,D-Digital,Low,12.5K,Off,Off,ATV Talk,Group Call,VU0AAA,Always,Carrier,Off,1,1,1,Off,1,2,None,None,Off,Off,Off,Off,Normal Encryption,Off,Off,Off,Off,251.1,1,Off,On,On,Off,Off,Off,1,0,Off,0,0
196,ICQ Podcast,436.5,436.5,D-Digital,Low,12.5K,Off,Off,ICQ Podcast,Group Call,VU0AAA,Always,Carrier,Off,1,1,1,Off,1,2,None,None,Off,Off,Off,Off,Normal Encryption,Off,Off,Off,Off,251.1,1,Off,On,On,Off,Off,Off,1,0,Off,0,0
197,Collegiate,436.5,436.5,D-Digital,Low,12.5K,Off,Off,Collegiate,Group Call,VU0AAA,Always,Carrier,Off,1,1,1,Off,1,2,None,None,Off,Off,Off,Off,Normal Encryption,Off,Off,Off,Off,251.1,1,Off,On,On,Off,Off,Off,1,0,Off,0,0
198,Cafe Gratis,436.5,436.5,D-Digital,Low,12.5K,Off,Off,Cafe Gratis,Group Call,VU0AAA,Always,Carrier,Off,1,1,1,Off,1,2,None,None,Off,Off,Off,Off,Normal Encryption,Off,Off,Off,Off,251.1,1,Off,On,On,Off,Off,Off,1,0,Off,0,0
199,Emcom US,436.5,436.5,D-Digital,Low,12.5K,Off,Off,Emcom US,Group Call,VU0AAA,Always,Carrier,Off,1,1,1,Off,1,2,None,None,Off,Off,Off,Off,Normal Encryption,Off,Off,Off,Off,251.1,1,Off,On,On,Off,Off,Off,1,0,Off,0,0
200,Marines RNLMC,436.5,436.5,D-Digital,Low,12.5K,Off,Off,Marines RNLMC,Group Call,VU0AAA,Always,Carrier,Off,1,1,1,Off,1,2,None,None,Off,Off,Off,Off,Normal Encryption,Off,Off,Off,Off,251.1,1,Off,On,On,Off,Off,Off,1,0,Off,0,0
201,Global NorCal 51,436.5,436.5,D-Digital,Low,12.5K,Off,Off,Global NorCal 51,Group Call,VU0AAA,Always,Carrier,Off,1,1,1,Off,1,2,None,None,Off,Off,Off,Off,Normal Encryption,Off,Off,Off,Off,251.1,1,Off,On,On,Off,Off,Off,1,0,Off,0,0
202,Red Americas EM,436.5,436.5,D-Digital,Low,12.5K,Off,Off,Red Americas EM,Group Call,VU0AAA,Always,Carrier,Off,1,1,1,Off,1,2,None,None,Off,Off,Off,Off,Normal Encryption,Off,Off,Off,Off,251.1,1,Off,On,On,Off,Off,Off,1,0,Off,0,0
203,Military Veteran,436.5,436.5,D-Digital,Low,12.5K,Off,Off,Military Veteran,Group Call,VU0AAA,Always,Carrier,Off,1,1,1,Off,1,2,None,None,Off,Off,Off,Off,Normal Encryption,Off,Off,Off,Off,251.1,1,Off,On,On,Off,Off,Off,1,0,Off,0,0
204,LBGTQ,436.5,436.5,D-Digital,Low,12.5K,Off,Off,LBGTQ,Group Call,VU0AAA,Always,Carrier,Off,1,1,1,Off,1,2,None,None,Off,Off,Off,Off,Normal Encryption,Off,Off,Off,Off,251.1,1,Off,On,On,Off,Off,Off,1,0,Off,0,0
205,WVNET,436.5,436.5,D-Digital,Low,12.5K,Off,Off,WVNET,Group Call,VU0AAA,Always,Carrier,Off,1,1,1,Off,1,2,None,None,Off,Off,Off,Off,Normal Encryption,Off,Off,Off,Off,251.1,1,Off,On,On,Off,Off,Off,1,0,Off,0,0
206,UAE,436.5,436.5,D-Digital,Low,12.5K,Off,Off,UAE,Group Call,VU0AAA,Always,Carrier,Off,1,1,1,Off,1,2,None,None,Off,Off,Off,Off,Normal Encryption,Off,Off,Off,Off,251.1,1,Off,On,On,Off,Off,Off,1,0,Off,0,0
207,Argentina,436.5,436.5,D-Digital,Low,12.5K,Off,Off,Argentina,Group Call,VU0AAA,Always,Carrier,Off,1,1,1,Off,1,2,None,None,Off,Off,Off,Off,Normal Encryption,Off,Off,Off,Off,251.1,1,Off,On,On,Off,Off,Off,1,0,Off,0,0
208,Austria,436.5,436.5,D-Digital,Low,12.5K,Off,Off,Austria,Group Call,VU0AAA,Always,Carrier,Off,1,1,1,Off,1,2,None,None,Off,Off,Off,Off,Normal Encryption,Off,Off,Off,Off,251.1,1,Off,On,On,Off,Off,Off,1,0,Off,0,0
209,Australia AUS,436.5,436.5,D-Digital,Low,12.5K,Off,Off,Australia AUS,Group Call,VU0AAA,Always,Carrier,Off,1,1,1,Off,1,2,None,None,Off,Off,Off,Off,Normal Encryption,Off,Off,Off,Off,251.1,1,Off,On,On,Off,Off,Off,1,0,Off,0,0
210,AUS Capital,436.5,436.5,D-Digital,Low,12.5K,Off,Off,AUS Capital,Group Call,VU0AAA,Always,Carrier,Off,1,1,1,Off,1,2,None,None,Off,Off,Off,Off,Normal Encryption,Off,Off,Off,Off,251.1,1,Off,On,On,Off,Off,Off,1,0,Off,0,0
211,AUS New Soouth,436.5,436.5,D-Digital,Low,12.5K,Off,Off,AUS new south,Group Call,VU0AAA,Always,Carrier,Off,1,1,1,Off,1,2,None,None,Off,Off,Off,Off,Normal Encryption,Off,Off,Off,Off,251.1,1,Off,On,On,Off,Off,Off,1,0,Off,0,0
212,AUS Victor,436.5,436.5,D-Digital,Low,12.5K,Off,Off,AUS Victor,Group Call,VU0AAA,Always,Carrier,Off,1,1,1,Off,1,2,None,None,Off,Off,Off,Off,Normal Encryption,Off,Off,Off,Off,251.1,1,Off,On,On,Off,Off,Off,1,0,Off,0,0
213,AUS Queens,436.5,436.5,D-Digital,Low,12.5K,Off,Off,AUS Queens,Group Call,VU0AAA,Always,Carrier,Off,1,1,1,Off,1,2,None,None,Off,Off,Off,Off,Normal Encryption,Off,Off,Off,Off,251.1,1,Off,On,On,Off,Off,Off,1,0,Off,0,0
214,South AUS,436.5,436.5,D-Digital,Low,12.5K,Off,Off,South AUS,Group Call,VU0AAA,Always,Carrier,Off,1,1,1,Off,1,2,None,None,Off,Off,Off,Off,Normal Encryption,Off,Off,Off,Off,251.1,1,Off,On,On,Off,Off,Off,1,0,Off,0,0
215,Western AUS,436.5,436.5,D-Digital,Low,12.5K,Off,Off,West AUS,Group Call,VU0AAA,Always,Carrier,Off,1,1,1,Off,1,2,None,None,Off,Off,Off,Off,Normal Encryption,Off,Off,Off,Off,251.1,1,Off,On,On,Off,Off,Off,1,0,Off,0,0
216,Tasmania,436.5,436.5,D-Digital,Low,12.5K,Off,Off,Tasmania,Group Call,VU0AAA,Always,Carrier,Off,1,1,1,Off,1,2,None,None,Off,Off,Off,Off,Normal Encryption,Off,Off,Off,Off,251.1,1,Off,On,On,Off,Off,Off,1,0,Off,0,0
217,Australia Northe,436.5,436.5,D-Digital,Low,12.5K,Off,Off,Australia North,Group Call,VU0AAA,Always,Carrier,Off,1,1,1,Off,1,2,None,None,Off,Off,Off,Off,Normal Encryption,Off,Off,Off,Off,251.1,1,Off,On,On,Off,Off,Off,1,0,Off,0,0
218,Bangladesh,436.5,436.5,D-Digital,Low,12.5K,Off,Off,Bangladesh,Group Call,VU0AAA,Always,Carrier,Off,1,1,1,Off,1,2,None,None,Off,Off,Off,Off,Normal Encryption,Off,Off,Off,Off,251.1,1,Off,On,On,Off,Off,Off,1,0,Off,0,0
219,Belgium,436.5,436.5,D-Digital,Low,12.5K,Off,Off,Belgium,Group Call,VU0AAA,Always,Carrier,Off,1,1,1,Off,1,2,None,None,Off,Off,Off,Off,Normal Encryption,Off,Off,Off,Off,251.1,1,Off,On,On,Off,Off,Off,1,0,Off,0,0
220,Bulgaria,436.5,436.5,D-Digital,Low,12.5K,Off,Off,Bulgaria,Group Call,VU0AAA,Always,Carrier,Off,1,1,1,Off,1,2,None,None,Off,Off,Off,Off,Normal Encryption,Off,Off,Off,Off,251.1,1,Off,On,On,Off,Off,Off,1,0,Off,0,0
221,Brazil Nacional,436.5,436.5,D-Digital,Low,12.5K,Off,Off,Brazil Nacional,Group Call,VU0AAA,Always,Carrier,Off,1,1,1,Off,1,2,None,None,Off,Off,Off,Off,Normal Encryption,Off,Off,Off,Off,251.1,1,Off,On,On,Off,Off,Off,1,0,Off,0,0
222,Canada Wide,436.5,436.5,D-Digital,Low,12.5K,Off,Off,Canada Wide,Group Call,VU0AAA,Always,Carrier,Off,1,1,1,Off,1,2,None,None,Off,Off,Off,Off,Normal Encryption,Off,Off,Off,Off,251.1,1,Off,On,On,Off,Off,Off,1,0,Off,0,0
223,Switzerland,436.5,436.5,D-Digital,Low,12.5K,Off,Off,Switzerland,Group Call,VU0AAA,Always,Carrier,Off,1,1,1,Off,1,2,None,None,Off,Off,Off,Off,Normal Encryption,Off,Off,Off,Off,251.1,1,Off,On,On,Off,Off,Off,1,0,Off,0,0
224,China,436.5,436.5,D-Digital,Low,12.5K,Off,Off,China,Group Call,VU0AAA,Always,Carrier,Off,1,1,1,Off,1,2,None,None,Off,Off,Off,Off,Normal Encryption,Off,Off,Off,Off,251.1,1,Off,On,On,Off,Off,Off,1,0,Off,0,0
225,United Kingdom,436.5,436.5,D-Digital,Low,12.5K,Off,Off,United Kingdom,Group Call,VU0AAA,Always,Carrier,Off,1,1,1,Off,1,2,None,None,Off,Off,Off,Off,Normal Encryption,Off,Off,Off,Off,251.1,1,Off,On,On,Off,Off,Off,1,0,Off,0,0
226,Ireland,436.5,436.5,D-Digital,Low,12.5K,Off,Off,Ireland,Group Call,VU0AAA,Always,Carrier,Off,1,1,1,Off,1,2,None,None,Off,Off,Off,Off,Normal Encryption,Off,Off,Off,Off,251.1,1,Off,On,On,Off,Off,Off,1,0,Off,0,0
227,Scotland,436.5,436.5,D-Digital,Low,12.5K,Off,Off,Scotland,Group Call,VU0AAA,Always,Carrier,Off,1,1,1,Off,1,2,None,None,Off,Off,Off,Off,Normal Encryption,Off,Off,Off,Off,251.1,1,Off,On,On,Off,Off,Off,1,0,Off,0,0
228,London,436.5,436.5,D-Digital,Low,12.5K,Off,Off,London,Group Call,VU0AAA,Always,Carrier,Off,1,1,1,Off,1,2,None,None,Off,Off,Off,Off,Normal Encryption,Off,Off,Off,Off,251.1,1,Off,On,On,Off,Off,Off,1,0,Off,0,0
229,Hong Kong,436.5,436.5,D-Digital,Low,12.5K,Off,Off,Hong Kong,Group Call,VU0AAA,Always,Carrier,Off,1,1,1,Off,1,2,None,None,Off,Off,Off,Off,Normal Encryption,Off,Off,Off,Off,251.1,1,Off,On,On,Off,Off,Off,1,0,Off,0,0
230,Hungary,436.5,436.5,D-Digital,Low,12.5K,Off,Off,Hungary,Group Call,VU0AAA,Always,Carrier,Off,1,1,1,Off,1,2,None,None,Off,Off,Off,Off,Normal Encryption,Off,Off,Off,Off,251.1,1,Off,On,On,Off,Off,Off,1,0,Off,0,0
231,Indonesia,436.5,436.5,D-Digital,Low,12.5K,Off,Off,Indonesia,Group Call,VU0AAA,Always,Carrier,Off,1,1,1,Off,1,2,None,None,Off,Off,Off,Off,Normal Encryption,Off,Off,Off,Off,251.1,1,Off,On,On,Off,Off,Off,1,0,Off,0,0
232,Israel,436.5,436.5,D-Digital,Low,12.5K,Off,Off,Israel,Group Call,VU0AAA,Always,Carrier,Off,1,1,1,Off,1,2,None,None,Off,Off,Off,Off,Normal Encryption,Off,Off,Off,Off,251.1,1,Off,On,On,Off,Off,Off,1,0,Off,0,0
233,Italia,436.5,436.5,D-Digital,Low,12.5K,Off,Off,Italia,Group Call,VU0AAA,Always,Carrier,Off,1,1,1,Off,1,2,None,None,Off,Off,Off,Off,Normal Encryption,Off,Off,Off,Off,251.1,1,Off,On,On,Off,Off,Off,1,0,Off,0,0
234,Malaysia Nationa,436.5,436.5,D-Digital,Low,12.5K,Off,Off,Malaysia Nation,Group Call,VU0AAA,Always,Carrier,Off,1,1,1,Off,1,2,None,None,Off,Off,Off,Off,Normal Encryption,Off,Off,Off,Off,251.1,1,Off,On,On,Off,Off,Off,1,0,Off,0,0
235,Pakistan,436.5,436.5,D-Digital,Low,12.5K,Off,Off,Pakistan,Group Call,VU0AAA,Always,Carrier,Off,1,1,1,Off,1,2,None,None,Off,Off,Off,Off,Normal Encryption,Off,Off,Off,Off,251.1,1,Off,On,On,Off,Off,Off,1,0,Off,0,0
236,Poland,436.5,436.5,D-Digital,Low,12.5K,Off,Off,Poland,Group Call,VU0AAA,Always,Carrier,Off,1,1,1,Off,1,2,None,None,Off,Off,Off,Off,Normal Encryption,Off,Off,Off,Off,251.1,1,Off,On,On,Off,Off,Off,1,0,Off,0,0
237,Portugal,436.5,436.5,D-Digital,Low,12.5K,Off,Off,Portugal,Group Call,VU0AAA,Always,Carrier,Off,1,1,1,Off,1,2,None,None,Off,Off,Off,Off,Normal Encryption,Off,Off,Off,Off,251.1,1,Off,On,On,Off,Off,Off,1,0,Off,0,0
238,Qatar,436.5,436.5,D-Digital,Low,12.5K,Off,Off,Qatar,Group Call,VU0AAA,Always,Carrier,Off,1,1,1,Off,1,2,None,None,Off,Off,Off,Off,Normal Encryption,Off,Off,Off,Off,251.1,1,Off,On,On,Off,Off,Off,1,0,Off,0,0
239,Romania,436.5,436.5,D-Digital,Low,12.5K,Off,Off,Romania,Group Call,VU0AAA,Always,Carrier,Off,1,1,1,Off,1,2,None,None,Off,Off,Off,Off,Normal Encryption,Off,Off,Off,Off,251.1,1,Off,On,On,Off,Off,Off,1,0,Off,0,0
240,Serbia,436.5,436.5,D-Digital,Low,12.5K,Off,Off,Serbia,Group Call,VU0AAA,Always,Carrier,Off,1,1,1,Off,1,2,None,None,Off,Off,Off,Off,Normal Encryption,Off,Off,Off,Off,251.1,1,Off,On,On,Off,Off,Off,1,0,Off,0,0
241,Russia Global,436.5,436.5,D-Digital,Low,12.5K,Off,Off,Russia Global,Group Call,VU0AAA,Always,Carrier,Off,1,1,1,Off,1,2,None,None,Off,Off,Off,Off,Normal Encryption,Off,Off,Off,Off,251.1,1,Off,On,On,Off,Off,Off,1,0,Off,0,0
242,Saudi Arabia,436.5,436.5,D-Digital,Low,12.5K,Off,Off,Saudi Arabia,Group Call,VU0AAA,Always,Carrier,Off,1,1,1,Off,1,2,None,None,Off,Off,Off,Off,Normal Encryption,Off,Off,Off,Off,251.1,1,Off,On,On,Off,Off,Off,1,0,Off,0,0
243,Sweden,436.5,436.5,D-Digital,Low,12.5K,Off,Off,Sweden,Group Call,VU0AAA,Always,Carrier,Off,1,1,1,Off,1,2,None,None,Off,Off,Off,Off,Normal Encryption,Off,Off,Off,Off,251.1,1,Off,On,On,Off,Off,Off,1,0,Off,0,0
244,Singapore,436.5,436.5,D-Digital,Low,12.5K,Off,Off,Singapore,Group Call,VU0AAA,Always,Carrier,Off,1,1,1,Off,1,2,None,None,Off,Off,Off,Off,Normal Encryption,Off,Off,Off,Off,251.1,1,Off,On,On,Off,Off,Off,1,0,Off,0,0
245,Thailand,436.5,436.5,D-Digital,Low,12.5K,Off,Off,Thailand,Group Call,VU0AAA,Always,Carrier,Off,1,1,1,Off,1,2,None,None,Off,Off,Off,Off,Normal Encryption,Off,Off,Off,Off,251.1,1,Off,On,On,Off,Off,Off,1,0,Off,0,0
246,Turkey,436.5,436.5,D-Digital,Low,12.5K,Off,Off,Turkey,Group Call,VU0AAA,Always,Carrier,Off,1,1,1,Off,1,2,None,None,Off,Off,Off,Off,Normal Encryption,Off,Off,Off,Off,251.1,1,Off,On,On,Off,Off,Off,1,0,Off,0,0
247,Ukraine,436.5,436.5,D-Digital,Low,12.5K,Off,Off,Ukraine,Group Call,VU0AAA,Always,Carrier,Off,1,1,1,Off,1,2,None,None,Off,Off,Off,Off,Normal Encryption,Off,Off,Off,Off,251.1,1,Off,On,On,Off,Off,Off,1,0,Off,0,0
248,GPS & Weather,436.5,436.5,D-Digital,Low,12.5K,Off,Off,GPS and weather,Private Call,VU0AAA,Always,Carrier,Off,1,1,1,Off,1,2,None,None,Off,Off,Off,Off,Normal Encryption,Off,Off,Off,Off,251.1,1,Off,On,On,Off,Off,Off,1,0,Off,0,0
249,POCSAG,436.5,436.5,D-Digital,Low,12.5K,Off,Off,POCSAG RPTInfo,Private Call,VU0AAA,Always,Carrier,Off,1,1,1,Off,1,2,None,None,Off,Off,Off,Off,Normal Encryption,Off,Off,Off,Off,251.1,1,Off,On,On,Off,Off,Off,1,0,Off,0,0
250,SMSC,436.5,436.5,D-Digital,Low,12.5K,Off,Off,SMSC,Private Call,VU0AAA,Always,Carrier,Off,1,1,1,Off,1,2,None,None,Off,Off,Off,Off,Normal Encryption,Off,Off,Off,Off,251.1,1,Off,On,On,Off,Off,Off,1,0,Off,0,0
251,APRS,436.5,436.5,D-Digital,Low,12.5K,Off,Off,APRS,Private Call,VU0AAA,Always,Carrier,Off,1,1,1,Off,1,2,None,None,Off,Off,Off,Off,Normal Encryption,Off,Off,Off,Off,251.1,1,Off,On,On,Off,Off,Off,1,0,Off,0,0
252,.INDIA,146.5,146.5,D-Digital,Low,12.5K,Off,Off,INDIA,Group Call,VU0AAA,Always,Carrier,Off,1,1,1,Off,1,2,None,None,Off,Off,Off,Off,Normal Encryption,Off,Off,Off,Off,251.1,1,Off,On,On,Off,Off,Off,1,0,Off,0,0
253,.EMCOM INDIA,146.5,146.5,D-Digital,Low,12.5K,Off,Off,EMCOM INDIA,Group Call,VU0AAA,Always,Carrier,Off,1,1,1,Off,1,2,None,None,Off,Off,Off,Off,Normal Encryption,Off,Off,Off,Off,251.1,1,Off,On,On,Off,Off,Off,1,0,Off,0,0
254,.AndhraPradesh,146.5,146.5,D-Digital,Low,12.5K,Off,Off,AndhraPradesh,Group Call,VU0AAA,Always,Carrier,Off,1,1,1,Off,1,2,None,None,Off,Off,Off,Off,Normal Encryption,Off,Off,Off,Off,251.1,1,Off,On,On,Off,Off,Off,1,0,Off,0,0
255,.ArunachalPrades,146.5,146.5,D-Digital,Low,12.5K,Off,Off,ArunachalPradesh,Group Call,VU0AAA,Always,Carrier,Off,1,1,1,Off,1,2,None,None,Off,Off,Off,Off,Normal Encryption,Off,Off,Off,Off,251.1,1,Off,On,On,Off,Off,Off,1,0,Off,0,0
256,.Assam,146.5,146.5,D-Digital,Low,12.5K,Off,Off,Assam,Group Call,VU0AAA,Always,Carrier,Off,1,1,1,Off,1,2,None,None,Off,Off,Off,Off,Normal Encryption,Off,Off,Off,Off,251.1,1,Off,On,On,Off,Off,Off,1,0,Off,0,0
257,.Bihar,146.5,146.5,D-Digital,Low,12.5K,Off,Off,Bihar,Group Call,VU0AAA,Always,Carrier,Off,1,1,1,Off,1,2,None,None,Off,Off,Off,Off,Normal Encryption,Off,Off,Off,Off,251.1,1,Off,On,On,Off,Off,Off,1,0,Off,0,0
258,.Chattisgarh,146.5,146.5,D-Digital,Low,12.5K,Off,Off,Chattisgarh,Group Call,VU0AAA,Always,Carrier,Off,1,1,1,Off,1,2,None,None,Off,Off,Off,Off,Normal Encryption,Off,Off,Off,Off,251.1,1,Off,On,On,Off,Off,Off,1,0,Off,0,0
259,.Chandigarh,146.5,146.5,D-Digital,Low,12.5K,Off,Off,Chandigarh,Group Call,VU0AAA,Always,Carrier,Off,1,1,1,Off,1,2,None,None,Off,Off,Off,Off,Normal Encryption,Off,Off,Off,Off,251.1,1,Off,On,On,Off,Off,Off,1,0,Off,0,0
260,.Kerala,146.5,146.5,D-Digital,Low,12.5K,Off,Off,Kerala,Group Call,VU0AAA,Always,Carrier,Off,1,1,1,Off,1,2,None,None,Off,Off,Off,Off,Normal Encryption,Off,Off,Off,Off,251.1,1,Off,On,On,Off,Off,Off,1,0,Off,0,0
261,.Goa,146.5,146.5,D-Digital,Low,12.5K,Off,Off,Goa,Group Call,VU0AAA,Always,Carrier,Off,1,1,1,Off,1,2,None,None,Off,Off,Off,Off,Normal Encryption,Off,Off,Off,Off,251.1,1,Off,On,On,Off,Off,Off,1,0,Off,0,0
262,.Gujarat,146.5,146.5,D-Digital,Low,12.5K,Off,Off,Gujarat,Group Call,VU0AAA,Always,Carrier,Off,1,1,1,Off,1,2,None,None,Off,Off,Off,Off,Normal Encryption,Off,Off,Off,Off,251.1,1,Off,On,On,Off,Off,Off,1,0,Off,0,0
263,.Haryana,146.5,146.5,D-Digital,Low,12.5K,Off,Off,Haryana,Group Call,VU0AAA,Always,Carrier,Off,1,1,1,Off,1,2,None,None,Off,Off,Off,Off,Normal Encryption,Off,Off,Off,Off,251.1,1,Off,On,On,Off,Off,Off,1,0,Off,0,0
264,.HimachalPradesh,146.5,146.5,D-Digital,Low,12.5K,Off,Off,HimachalPradesh,Group Call,VU0AAA,Always,Carrier,Off,1,1,1,Off,1,2,None,None,Off,Off,Off,Off,Normal Encryption,Off,Off,Off,Off,251.1,1,Off,On,On,Off,Off,Off,1,0,Off,0,0
265,.Jammu&Kashmir,146.5,146.5,D-Digital,Low,12.5K,Off,Off,Jammu&Kashmir,Group Call,VU0AAA,Always,Carrier,Off,1,1,1,Off,1,2,None,None,Off,Off,Off,Off,Normal Encryption,Off,Off,Off,Off,251.1,1,Off,On,On,Off,Off,Off,1,0,Off,0,0
266,.Jharkhand,146.5,146.5,D-Digital,Low,12.5K,Off,Off,Jharkhand,Group Call,VU0AAA,Always,Carrier,Off,1,1,1,Off,1,2,None,None,Off,Off,Off,Off,Normal Encryption,Off,Off,Off,Off,251.1,1,Off,On,On,Off,Off,Off,1,0,Off,0,0
267,.Karnataka,146.5,146.5,D-Digital,Low,12.5K,Off,Off,Karnataka,Group Call,VU0AAA,Always,Carrier,Off,1,1,1,Off,1,2,None,None,Off,Off,Off,Off,Normal Encryption,Off,Off,Off,Off,251.1,1,Off,On,On,Off,Off,Off,1,0,Off,0,0
268,.LakshadweepIsla,146.5,146.5,D-Digital,Low,12.5K,Off,Off,LakshadweepIslan,Group Call,VU0AAA,Always,Carrier,Off,1,1,1,Off,1,2,None,None,Off,Off,Off,Off,Normal Encryption,Off,Off,Off,Off,251.1,1,Off,On,On,Off,Off,Off,1,0,Off,0,0
269,.MadhyaPradesh,146.5,146.5,D-Digital,Low,12.5K,Off,Off,MadhyaPradesh,Group Call,VU0AAA,Always,Carrier,Off,1,1,1,Off,1,2,None,None,Off,Off,Off,Off,Normal Encryption,Off,Off,Off,Off,251.1,1,Off,On,On,Off,Off,Off,1,0,Off,0,0
270,.Maharashtra,146.5,146.5,D-Digital,Low,12.5K,Off,Off,Maharashtra,Group Call,VU0AAA,Always,Carrier,Off,1,1,1,Off,1,2,None,None,Off,Off,Off,Off,Normal Encryption,Off,Off,Off,Off,251.1,1,Off,On,On,Off,Off,Off,1,0,Off,0,0
271,.Manipur,146.5,146.5,D-Digital,Low,12.5K,Off,Off,Manipur,Group Call,VU0AAA,Always,Carrier,Off,1,1,1,Off,1,2,None,None,Off,Off,Off,Off,Normal Encryption,Off,Off,Off,Off,251.1,1,Off,On,On,Off,Off,Off,1,0,Off,0,0
272,.Meghalaya,146.5,146.5,D-Digital,Low,12.5K,Off,Off,Meghalaya,Group Call,VU0AAA,Always,Carrier,Off,1,1,1,Off,1,2,None,None,Off,Off,Off,Off,Normal Encryption,Off,Off,Off,Off,251.1,1,Off,On,On,Off,Off,Off,1,0,Off,0,0
273,.Mizoram,146.5,146.5,D-Digital,Low,12.5K,Off,Off,Mizoram,Group Call,VU0AAA,Always,Carrier,Off,1,1,1,Off,1,2,None,None,Off,Off,Off,Off,Normal Encryption,Off,Off,Off,Off,251.1,1,Off,On,On,Off,Off,Off,1,0,Off,0,0
274,.Nagaland,146.5,146.5,D-Digital,Low,12.5K,Off,Off,Nagaland,Group Call,VU0AAA,Always,Carrier,Off,1,1,1,Off,1,2,None,None,Off,Off,Off,Off,Normal Encryption,Off,Off,Off,Off,251.1,1,Off,On,On,Off,Off,Off,1,0,Off,0,0
275,.Odisha,146.5,146.5,D-Digital,Low,12.5K,Off,Off,Odisha,Group Call,VU0AAA,Always,Carrier,Off,1,1,1,Off,1,2,None,None,Off,Off,Off,Off,Normal Encryption,Off,Off,Off,Off,251.1,1,Off,On,On,Off,Off,Off,1,0,Off,0,0
276,.Pondicherry,146.5,146.5,D-Digital,Low,12.5K,Off,Off,Pondicherry,Group Call,VU0AAA,Always,Carrier,Off,1,1,1,Off,1,2,None,None,Off,Off,Off,Off,Normal Encryption,Off,Off,Off,Off,251.1,1,Off,On,On,Off,Off,Off,1,0,Off,0,0
277,.Punjab,146.5,146.5,D-Digital,Low,12.5K,Off,Off,Punjab,Group Call,VU0AAA,Always,Carrier,Off,1,1,1,Off,1,2,None,None,Off,Off,Off,Off,Normal Encryption,Off,Off,Off,Off,251.1,1,Off,On,On,Off,Off,Off,1,0,Off,0,0
278,.Rajasthan,146.5,146.5,D-Digital,Low,12.5K,Off,Off,Rajasthan,Group Call,VU0AAA,Always,Carrier,Off,1,1,1,Off,1,2,None,None,Off,Off,Off,Off,Normal Encryption,Off,Off,Off,Off,251.1,1,Off,On,On,Off,Off,Off,1,0,Off,0,0
279,.Sikkim,146.5,146.5,D-Digital,Low,12.5K,Off,Off,Sikkim,Group Call,VU0AAA,Always,Carrier,Off,1,1,1,Off,1,2,None,None,Off,Off,Off,Off,Normal Encryption,Off,Off,Off,Off,251.1,1,Off,On,On,Off,Off,Off,1,0,Off,0,0
280,.TamilNadu,146.5,146.5,D-Digital,Low,12.5K,Off,Off,TamilNadu,Group Call,VU0AAA,Always,Carrier,Off,1,1,1,Off,1,2,None,None,Off,Off,Off,Off,Normal Encryption,Off,Off,Off,Off,251.1,1,Off,On,On,Off,Off,Off,1,0,Off,0,0
281,.Telangana,146.5,146.5,D-Digital,Low,12.5K,Off,Off,Telangana,Group Call,VU0AAA,Always,Carrier,Off,1,1,1,Off,1,2,None,None,Off,Off,Off,Off,Normal Encryption,Off,Off,Off,Off,251.1,1,Off,On,On,Off,Off,Off,1,0,Off,0,0
282,.Tripura,146.5,146.5,D-Digital,Low,12.5K,Off,Off,Tripura,Group Call,VU0AAA,Always,Carrier,Off,1,1,1,Off,1,2,None,None,Off,Off,Off,Off,Normal Encryption,Off,Off,Off,Off,251.1,1,Off,On,On,Off,Off,Off,1,0,Off,0,0
283,.Delhi,146.5,146.5,D-Digital,Low,12.5K,Off,Off,Delhi,Group Call,VU0AAA,Always,Carrier,Off,1,1,1,Off,1,2,None,None,Off,Off,Off,Off,Normal Encryption,Off,Off,Off,Off,251.1,1,Off,On,On,Off,Off,Off,1,0,Off,0,0
284,.UttarPradesh,146.5,146.5,D-Digital,Low,12.5K,Off,Off,UttarPradesh,Group Call,VU0AAA,Always,Carrier,Off,1,1,1,Off,1,2,None,None,Off,Off,Off,Off,Normal Encryption,Off,Off,Off,Off,251.1,1,Off,On,On,Off,Off,Off,1,0,Off,0,0
285,.Uttarakhand,146.5,146.5,D-Digital,Low,12.5K,Off,Off,Uttarakhand,Group Call,VU0AAA,Always,Carrier,Off,1,1,1,Off,1,2,None,None,Off,Off,Off,Off,Normal Encryption,Off,Off,Off,Off,251.1,1,Off,On,On,Off,Off,Off,1,0,Off,0,0
286,.WestBengal,146.5,146.5,D-Digital,Low,12.5K,Off,Off,WestBengal,Group Call,VU0AAA,Always,Carrier,Off,1,1,1,Off,1,2,None,None,Off,Off,Off,Off,Normal Encryption,Off,Off,Off,Off,251.1,1,Off,On,On,Off,Off,Off,1,0,Off,0,0
287,.Andaman & Nicob,146.5,146.5,D-Digital,Low,12.5K,Off,Off,Andaman & Nicoba,Group Call,VU0AAA,Always,Carrier,Off,1,1,1,Off,1,2,None,None,Off,Off,Off,Off,Normal Encryption,Off,Off,Off,Off,251.1,1,Off,On,On,Off,Off,Off,1,0,Off,0,0
288,.Dadra & Nagar H,146.5,146.5,D-Digital,Low,12.5K,Off,Off,Dadra & Nagar Ha,Group Call,VU0AAA,Always,Carrier,Off,1,1,1,Off,1,2,None,None,Off,Off,Off,Off,Normal Encryption,Off,Off,Off,Off,251.1,1,Off,On,On,Off,Off,Off,1,0,Off,0,0
289,.Daman & Diu,146.5,146.5,D-Digital,Low,12.5K,Off,Off,Daman & Diu,Group Call,VU0AAA,Always,Carrier,Off,1,1,1,Off,1,2,None,None,Off,Off,Off,Off,Normal Encryption,Off,Off,Off,Off,251.1,1,Off,On,On,Off,Off,Off,1,0,Off,0,0
290,.Ladakh,146.5,146.5,D-Digital,Low,12.5K,Off,Off,Ladakh,Group Call,VU0AAA,Always,Carrier,Off,1,1,1,Off,1,2,None,None,Off,Off,Off,Off,Normal Encryption,Off,Off,Off,Off,251.1,1,Off,On,On,Off,Off,Off,1,0,Off,0,0
291,.Hyderabad,146.5,146.5,D-Digital,Low,12.5K,Off,Off,Hyderabad,Group Call,VU0AAA,Always,Carrier,Off,1,1,1,Off,1,2,None,None,Off,Off,Off,Off,Normal Encryption,Off,Off,Off,Off,251.1,1,Off,On,On,Off,Off,Off,1,0,Off,0,0
292,.Visakhapatnam,146.5,146.5,D-Digital,Low,12.5K,Off,Off,Visakhapatnam,Group Call,VU0AAA,Always,Carrier,Off,1,1,1,Off,1,2,None,None,Off,Off,Off,Off,Normal Encryption,Off,Off,Off,Off,251.1,1,Off,On,On,Off,Off,Off,1,0,Off,0,0
293,.Bangalore,146.5,146.5,D-Digital,Low,12.5K,Off,Off,Bangalore,Group Call,VU0AAA,Always,Carrier,Off,1,1,1,Off,1,2,None,None,Off,Off,Off,Off,Normal Encryption,Off,Off,Off,Off,251.1,1,Off,On,On,Off,Off,Off,1,0,Off,0,0
294,.India Radio Tes,146.5,146.5,D-Digital,Low,12.5K,Off,Off,India Radio Test,Group Call,VU0AAA,Always,Carrier,Off,1,1,1,Off,1,2,None,None,Off,Off,Off,Off,Normal Encryption,Off,Off,Off,Off,251.1,1,Off,On,On,Off,Off,Off,1,0,Off,0,0
295,.Peanut YSF INDI,146.5,146.5,D-Digital,Low,12.5K,Off,Off,Peanut YSF INDIA,Group Call,VU0AAA,Always,Carrier,Off,1,1,1,Off,1,2,None,None,Off,Off,Off,Off,Normal Encryption,Off,Off,Off,Off,251.1,1,Off,On,On,Off,Off,Off,1,0,Off,0,0
296,.YSF INDIA,146.5,146.5,D-Digital,Low,12.5K,Off,Off,YSF INDIA,Group Call,VU0AAA,Always,Carrier,Off,1,1,1,Off,1,2,None,None,Off,Off,Off,Off,Normal Encryption,Off,Off,Off,Off,251.1,1,Off,On,On,Off,Off,Off,1,0,Off,0,0
297,.Parrot EchoTest,146.5,146.5,D-Digital,Low,12.5K,Off,Off,Parrot EchoTest,Private Call,VU0AAA,Always,Carrier,Off,1,1,1,Off,1,2,None,None,Off,Off,Off,Off,Normal Encryption,Off,Off,Off,Off,251.1,1,Off,On,On,Off,Off,Off,1,0,Off,0,0
298,.WW-Marinetime,146.5,146.5,D-Digital,Low,12.5K,Off,Off,WW-Marinetime,Group Call,VU0AAA,Always,Carrier,Off,1,1,1,Off,1,2,None,None,Off,Off,Off,Off,Normal Encryption,Off,Off,Off,Off,251.1,1,Off,On,On,Off,Off,Off,1,0,Off,0,0
299,.WW-Avation,146.5,146.5,D-Digital,Low,12.5K,Off,Off,WW-Avation,Group Call,VU0AAA,Always,Carrier,Off,1,1,1,Off,1,2,None,None,Off,Off,Off,Off,Normal Encryption,Off,Off,Off,Off,251.1,1,Off,On,On,Off,Off,Off,1,0,Off,0,0
300,.Reddit,146.5,146.5,D-Digital,Low,12.5K,Off,Off,Reddit,Group Call,VU0AAA,Always,Carrier,Off,1,1,1,Off,1,2,None,None,Off,Off,Off,Off,Normal Encryption,Off,Off,Off,Off,251.1,1,Off,On,On,Off,On,Off,1,0,Off,0,0
301,.AMSAT,146.5,146.5,D-Digital,Low,12.5K,Off,Off,AMSAT,Group Call,VU0AAA,Always,Carrier,Off,1,1,1,Off,1,2,None,None,Off,Off,Off,Off,Normal Encryption,Off,Off,Off,Off,251.1,1,Off,On,On,Off,Off,Off,1,0,Off,0,0
302,.World-wide,146.5,146.5,D-Digital,Low,12.5K,Off,Off,World-wide,Group Call,VU0AAA,Always,Carrier,Off,1,1,1,Off,1,2,None,None,Off,Off,Off,Off,Normal Encryption,Off,Off,Off,Off,251.1,1,Off,On,On,Off,Off,Off,1,0,Off,0,0
303,.Europe,146.5,146.5,D-Digital,Low,12.5K,Off,Off,Europe,Group Call,VU0AAA,Always,Carrier,Off,1,1,1,Off,1,2,None,None,Off,Off,Off,Off,Normal Encryption,Off,Off,Off,Off,251.1,1,Off,On,On,Off,Off,Off,1,0,Off,0,0
304,.North America,146.5,146.5,D-Digital,Low,12.5K,Off,Off,North America,Group Call,VU0AAA,Always,Carrier,Off,1,1,1,Off,1,2,None,None,Off,Off,Off,Off,Normal Encryption,Off,Off,Off,Off,251.1,1,Off,On,On,Off,Off,Off,1,0,Off,0,0
305,".Asia,Meast",146.5,146.5,D-Digital,Low,12.5K,Off,Off,"Asia,Meast",Group Call,VU0AAA,Always,Carrier,Off,1,1,1,Off,1,2,None,None,Off,Off,Off,Off,Normal Encryption,Off,Off,Off,Off,251.1,1,Off,On,On,Off,Off,Off,1,0,Off,0,0
306,".Australia,NewZ",146.5,146.5,D-Digital,Low,12.5K,Off,Off,"Australia,NewZ",Group Call,VU0AAA,Always,Carrier,Off,1,1,1,Off,1,2,None,None,Off,Off,Off,Off,Normal Encryption,Off,Off,Off,Off,251.1,1,Off,On,On,Off,Off,Off,1,0,Off,0,0
307,.Radio Test,146.5,146.5,D-Digital,Low,12.5K,Off,Off,Radio Test,Group Call,VU0AAA,Always,Carrier,Off,1,1,1,Off,1,2,None,None,Off,Off,Off,Off,Normal Encryption,Off,Off,Off,Off,251.1,1,Off,On,On,Off,Off,Off,1,0,Off,0,0
308,.WW Tac 1,146.5,146.5,D-Digital,Low,12.5K,Off,Off,WW Tac 1,Group Call,VU0AAA,Always,Carrier,Off,1,1,1,Off,1,2,None,None,Off,Off,Off,Off,Normal Encryption,Off,Off,Off,Off,251.1,1,Off,On,On,Off,Off,Off,1,0,Off,0,0
309,.WW Tac 2,146.5,146.5,D-Digital,Low,12.5K,Off,Off,WW Tac 2,Group Call,VU0AAA,Always,Carrier,Off,1,1,1,Off,1,2,None,None,Off,Off,Off,Off,Normal Encryption,Off,Off,Off,Off,251.1,1,Off,On,On,Off,Off,Off,1,0,Off,0,0
310,.WW Tac 3,146.5,146.5,D-Digital,Low,12.5K,Off,Off,WW Tac 3,Group Call,VU0AAA,Always,Carrier,Off,1,1,1,Off,1,2,None,None,Off,Off,Off,Off,Normal Encryption,Off,Off,Off,Off,251.1,1,Off,On,On,Off,Off,Off,1,0,Off,0,0
311,.JOTA,146.5,146.5,D-Digital,Low,12.5K,Off,Off,JOTA,Group Call,VU0AAA,Always,Carrier,Off,1,1,1,Off,1,2,None,None,Off,Off,Off,Off,Normal Encryption,Off,Off,Off,Off,251.1,1,Off,On,On,Off,Off,Off,1,0,Off,0,0
312,.German,146.5,146.5,D-Digital,Low,12.5K,Off,Off,German,Group Call,VU0AAA,Always,Carrier,Off,1,1,1,Off,1,2,None,None,Off,Off,Off,Off,Normal Encryption,Off,Off,Off,Off,251.1,1,Off,On,On,Off,Off,Off,1,0,Off,0,0
313,.English,146.5,146.5,D-Digital,Low,12.5K,Off,Off,English,Group Call,VU0AAA,Always,Carrier,Off,1,1,1,Off,1,2,None,None,Off,Off,Off,Off,Normal Encryption,Off,Off,Off,Off,251.1,1,Off,On,On,Off,Off,Off,1,0,Off,0,0
314,.Spanish,146.5,146.5,D-Digital,Low,12.5K,Off,Off,Spanish,Group Call,VU0AAA,Always,Carrier,Off,1,1,1,Off,1,2,None,None,Off,Off,Off,Off,Normal Encryption,Off,Off,Off,Off,251.1,1,Off,On,On,Off,Off,Off,1,0,Off,0,0
315,.Portuguese,146.5,146.5,D-Digital,Low,12.5K,Off,Off,Portuguese,Group Call,VU0AAA,Always,Carrier,Off,1,1,1,Off,1,2,None,None,Off,Off,Off,Off,Normal Encryption,Off,Off,Off,Off,251.1,1,Off,On,On,Off,Off,Off,1,0,Off,0,0
316,.Italian,146.5,146.5,D-Digital,Low,12.5K,Off,Off,Italian,Group Call,VU0AAA,Always,Carrier,Off,1,1,1,Off,1,2,None,None,Off,Off,Off,Off,Normal Encryption,Off,Off,Off,Off,251.1,1,Off,On,On,Off,Off,Off,1,0,Off,0,0
317,.YOTA,146.5,146.5,D-Digital,Low,12.5K,Off,Off,YOTA,Group Call,VU0AAA,Always,Carrier,Off,1,1,1,Off,1,2,None,None,Off,Off,Off,Off,Normal Encryption,Off,Off,Off,Off,251.1,1,Off,On,On,Off,Off,Off,1,0,Off,0,0
318,".DL, OE, HB9",146.5,146.5,D-Digital,Low,12.5K,Off,Off,"DL, OE, HB9",Group Call,VU0AAA,Always,Carrier,Off,1,1,1,Off,1,2,None,None,Off,Off,Off,Off,Normal Encryption,Off,Off,Off,Off,251.1,1,Off,On,On,Off,Off,Off,1,0,Off,0,0
319,.Dutch,146.5,146.5,D-Digital,Low,12.5K,Off,Off,Dutch,Group Call,VU0AAA,Always,Carrier,Off,1,1,1,Off,1,2,None,None,Off,Off,Off,Off,Normal Encryption,Off,Off,Off,Off,251.1,1,Off,On,On,Off,Off,Off,1,0,Off,0,0
320,.European Englis,146.5,146.5,D-Digital,Low,12.5K,Off,Off,European English,Group Call,VU0AAA,Always,Carrier,Off,1,1,1,Off,1,2,None,None,Off,Off,Off,Off,Normal Encryption,Off,Off,Off,Off,251.1,1,Off,On,On,Off,Off,Off,1,0,Off,0,0
321,.Swedish,146.5,146.5,D-Digital,Low,12.5K,Off,Off,Swedish,Group Call,VU0AAA,Always,Carrier,Off,1,1,1,Off,1,2,None,None,Off,Off,Off,Off,Normal Encryption,Off,Off,Off,Off,251.1,1,Off,On,On,Off,Off,Off,1,0,Off,0,0
322,.Nordic,146.5,146.5,D-Digital,Low,12.5K,Off,Off,Nordic,Group Call,VU0AAA,Always,Carrier,Off,1,1,1,Off,1,2,None,None,Off,Off,Off,Off,Normal Encryption,Off,Off,Off,Off,251.1,1,Off,On,On,Off,Off,Off,1,0,Off,0,0
323,.PanHellenic Cha,146.5,146.5,D-Digital,Low,12.5K,Off,Off,PanHellenic Chat,Group Call,VU0AAA,Always,Carrier,Off,1,1,1,Off,1,2,None,None,Off,Off,Off,Off,Normal Encryption,Off,Off,Off,Off,251.1,1,Off,On,On,Off,Off,Off,1,0,Off,0,0
324,.Francophonie,146.5,146.5,D-Digital,Low,12.5K,Off,Off,Francophonie,Group Call,VU0AAA,Always,Carrier,Off,1,1,1,Off,1,2,None,None,Off,Off,Off,Off,Normal Encryption,Off,Off,Off,Off,251.1,1,Off,On,On,Off,Off,Off,1,0,Off,0,0
325,.Arabic,146.5,146.5,D-Digital,Low,12.5K,Off,Off,Arabic,Group Call,VU0AAA,Always,Carrier,Off,1,1,1,Off,1,2,None,None,Off,Off,Off,Off,Normal Encryption,Off,Off,Off,Off,251.1,1,Off,On,On,Off,Off,Off,1,0,Off,0,0
326,.WWYL,146.5,146.5,D-Digital,Low,12.5K,Off,Off,WWYL,Group Call,VU0AAA,Always,Carrier,Off,1,1,1,Off,1,2,None,None,Off,Off,Off,Off,Normal Encryption,Off,Off,Off,Off,251.1,1,Off,On,On,Off,Off,Off,1,0,Off,0,0
327,.DMR-Caribbean,146.5,146.5,D-Digital,Low,12.5K,Off,Off,DMR-Caribbean,Group Call,VU0AAA,Always,Carrier,Off,1,1,1,Off,1,2,None,None,Off,Off,Off,Off,Normal Encryption,Off,Off,Off,Off,251.1,1,Off,On,On,Off,Off,Off,1,0,Off,0,0
328,.Basque,146.5,146.5,D-Digital,Low,12.5K,Off,Off,Basque,Group Call,VU0AAA,Always,Carrier,Off,1,1,1,Off,1,2,None,None,Off,Off,Off,Off,Normal Encryption,Off,Off,Off,Off,251.1,1,Off,On,On,Off,Off,Off,1,0,Off,0,0
329,.SOTA,146.5,146.5,D-Digital,Low,12.5K,Off,Off,SOTA,Group Call,VU0AAA,Always,Carrier,Off,1,1,1,Off,1,2,None,None,Off,Off,Off,Off,Normal Encryption,Off,Off,Off,Off,251.1,1,Off,On,On,Off,Off,Off,1,0,Off,0,0
330,.JOTA Tac 1,146.5,146.5,D-Digital,Low,12.5K,Off,Off,JOTA Tac 1,Group Call,VU0AAA,Always,Carrier,Off,1,1,1,Off,1,2,None,None,Off,Off,Off,Off,Normal Encryption,Off,Off,Off,Off,251.1,1,Off,On,On,Off,Off,Off,1,0,Off,0,0
331,.JOTA Tac 2,146.5,146.5,D-Digital,Low,12.5K,Off,Off,JOTA Tac 2,Group Call,VU0AAA,Always,Carrier,Off,1,1,1,Off,1,2,None,None,Off,Off,Off,Off,Normal Encryption,Off,Off,Off,Off,251.1,1,Off,On,On,Off,Off,Off,1,0,Off,0,0
332,.JOTA Tac 3,146.5,146.5,D-Digital,Low,12.5K,Off,Off,JOTA Tac 3,Group Call,VU0AAA,Always,Carrier,Off,1,1,1,Off,1,2,None,None,Off,Off,Off,Off,Normal Encryption,Off,Off,Off,Off,251.1,1,Off,On,On,Off,Off,Off,1,0,Off,0,0
333,.JOTA Tac 4,146.5,146.5,D-Digital,Low,12.5K,Off,Off,JOTA Tac 4,Group Call,VU0AAA,Always,Carrier,Off,1,1,1,Off,1,2,None,None,Off,Off,Off,Off,Normal Encryption,Off,Off,Off,Off,251.1,1,Off,On,On,Off,Off,Off,1,0,Off,0,0
334,.JOTA Tac 5,146.5,146.5,D-Digital,Low,12.5K,Off,Off,JOTA Tac 5,Group Call,VU0AAA,Always,Carrier,Off,1,1,1,Off,1,2,None,None,Off,Off,Off,Off,Normal Encryption,Off,Off,Off,Off,251.1,1,Off,On,On,Off,Off,Off,1,0,Off,0,0
335,.JOTA Tac 6,146.5,146.5,D-Digital,Low,12.5K,Off,Off,JOTA Tac 6,Group Call,VU0AAA,Always,Carrier,Off,1,1,1,Off,1,2,None,None,Off,Off,Off,Off,Normal Encryption,Off,Off,Off,Off,251.1,1,Off,On,On,Off,Off,Off,1,0,Off,0,0
336,.JOTA Tac 7,146.5,146.5,D-Digital,Low,12.5K,Off,Off,JOTA Tac 7,Group Call,VU0AAA,Always,Carrier,Off,1,1,1,Off,1,2,None,None,Off,Off,Off,Off,Normal Encryption,Off,Off,Off,Off,251.1,1,Off,On,On,Off,Off,Off,1,0,Off,0,0
337,.JOTA Tac 8,146.5,146.5,D-Digital,Low,12.5K,Off,Off,JOTA Tac 8,Group Call,VU0AAA,Always,Carrier,Off,1,1,1,Off,1,2,None,None,Off,Off,Off,Off,Normal Encryption,Off,Off,Off,Off,251.1,1,Off,On,On,Off,Off,Off,1,0,Off,0,0
338,.XRF007 B,146.5,146.5,D-Digital,Low,12.5K,Off,Off,XRF007 B,Group Call,VU0AAA,Always,Carrier,Off,1,1,1,Off,1,2,None,None,Off,Off,Off,Off,Normal Encryption,Off,Off,Off,Off,251.1,1,Off,On,On,Off,Off,Off,1,0,Off,0,0
339,.Emcom EU,146.5,146.5,D-Digital,Low,12.5K,Off,Off,Emcom EU,Group Call,VU0AAA,Always,Carrier,Off,1,1,1,Off,1,2,None,None,Off,Off,Off,Off,Normal Encryption,Off,Off,Off,Off,251.1,1,Off,On,On,Off,Off,Off,1,0,Off,0,0
340,.EURAO,146.5,146.5,D-Digital,Low,12.5K,Off,Off,EURAO,Group Call,VU0AAA,Always,Carrier,Off,1,1,1,Off,1,2,None,None,Off,Off,Off,Off,Normal Encryption,Off,Off,Off,Off,251.1,1,Off,On,On,Off,Off,Off,1,0,Off,0,0
341,.Francophonie C4,146.5,146.5,D-Digital,Low,12.5K,Off,Off,Francophonie C4F,Group Call,VU0AAA,Always,Carrier,Off,1,1,1,Off,1,2,None,None,Off,Off,Off,Off,Normal Encryption,Off,Off,Off,Off,251.1,1,Off,On,On,Off,Off,Off,1,0,Off,0,0
342,.ATV Talk,146.5,146.5,D-Digital,Low,12.5K,Off,Off,ATV Talk,Group Call,VU0AAA,Always,Carrier,Off,1,1,1,Off,1,2,None,None,Off,Off,Off,Off,Normal Encryption,Off,Off,Off,Off,251.1,1,Off,On,On,Off,Off,Off,1,0,Off,0,0
343,.ICQ Podcast,146.5,146.5,D-Digital,Low,12.5K,Off,Off,ICQ Podcast,Group Call,VU0AAA,Always,Carrier,Off,1,1,1,Off,1,2,None,None,Off,Off,Off,Off,Normal Encryption,Off,Off,Off,Off,251.1,1,Off,On,On,Off,Off,Off,1,0,Off,0,0
344,.Collegiate,146.5,146.5,D-Digital,Low,12.5K,Off,Off,Collegiate,Group Call,VU0AAA,Always,Carrier,Off,1,1,1,Off,1,2,None,None,Off,Off,Off,Off,Normal Encryption,Off,Off,Off,Off,251.1,1,Off,On,On,Off,Off,Off,1,0,Off,0,0
345,.Cafe Gratis,146.5,146.5,D-Digital,Low,12.5K,Off,Off,Cafe Gratis,Group Call,VU0AAA,Always,Carrier,Off,1,1,1,Off,1,2,None,None,Off,Off,Off,Off,Normal Encryption,Off,Off,Off,Off,251.1,1,Off,On,On,Off,Off,Off,1,0,Off,0,0
346,.Emcom US,146.5,146.5,D-Digital,Low,12.5K,Off,Off,Emcom US,Group Call,VU0AAA,Always,Carrier,Off,1,1,1,Off,1,2,None,None,Off,Off,Off,Off,Normal Encryption,Off,Off,Off,Off,251.1,1,Off,On,On,Off,Off,Off,1,0,Off,0,0
347,.Marines RNLMC,146.5,146.5,D-Digital,Low,12.5K,Off,Off,Marines RNLMC,Group Call,VU0AAA,Always,Carrier,Off,1,1,1,Off,1,2,None,None,Off,Off,Off,Off,Normal Encryption,Off,Off,Off,Off,251.1,1,Off,On,On,Off,Off,Off,1,0,Off,0,0
348,.Global NorCal 5,146.5,146.5,D-Digital,Low,12.5K,Off,Off,Global NorCal 51,Group Call,VU0AAA,Always,Carrier,Off,1,1,1,Off,1,2,None,None,Off,Off,Off,Off,Normal Encryption,Off,Off,Off,Off,251.1,1,Off,On,On,Off,Off,Off,1,0,Off,0,0
349,.Red Americas EM,146.5,146.5,D-Digital,Low,12.5K,Off,Off,Red Americas EM,Group Call,VU0AAA,Always,Carrier,Off,1,1,1,Off,1,2,None,None,Off,Off,Off,Off,Normal Encryption,Off,Off,Off,Off,251.1,1,Off,On,On,Off,Off,Off,1,0,Off,0,0
350,.Military Vetera,146.5,146.5,D-Digital,Low,12.5K,Off,Off,Military Veteran,Group Call,VU0AAA,Always,Carrier,Off,1,1,1,Off,1,2,None,None,Off,Off,Off,Off,Normal Encryption,Off,Off,Off,Off,251.1,1,Off,On,On,Off,Off,Off,1,0,Off,0,0
351,.LBGTQ,146.5,146.5,D-Digital,Low,12.5K,Off,Off,LBGTQ,Group Call,VU0AAA,Always,Carrier,Off,1,1,1,Off,1,2,None,None,Off,Off,Off,Off,Normal Encryption,Off,Off,Off,Off,251.1,1,Off,On,On,Off,Off,Off,1,0,Off,0,0
352,.WVNET,146.5,146.5,D-Digital,Low,12.5K,Off,Off,WVNET,Group Call,VU0AAA,Always,Carrier,Off,1,1,1,Off,1,2,None,None,Off,Off,Off,Off,Normal Encryption,Off,Off,Off,Off,251.1,1,Off,On,On,Off,Off,Off,1,0,Off,0,0
353,.UAE,146.5,146.5,D-Digital,Low,12.5K,Off,Off,UAE,Group Call,VU0AAA,Always,Carrier,Off,1,1,1,Off,1,2,None,None,Off,Off,Off,Off,Normal Encryption,Off,Off,Off,Off,251.1,1,Off,On,On,Off,Off,Off,1,0,Off,0,0
354,.Argentina,146.5,146.5,D-Digital,Low,12.5K,Off,Off,Argentina,Group Call,VU0AAA,Always,Carrier,Off,1,1,1,Off,1,2,None,None,Off,Off,Off,Off,Normal Encryption,Off,Off,Off,Off,251.1,1,Off,On,On,Off,Off,Off,1,0,Off,0,0
355,.Austria,146.5,146.5,D-Digital,Low,12.5K,Off,Off,Austria,Group Call,VU0AAA,Always,Carrier,Off,1,1,1,Off,1,2,None,None,Off,Off,Off,Off,Normal Encryption,Off,Off,Off,Off,251.1,1,Off,On,On,Off,Off,Off,1,0,Off,0,0
356,.Australia AUS,146.5,146.5,D-Digital,Low,12.5K,Off,Off,Australia AUS,Group Call,VU0AAA,Always,Carrier,Off,1,1,1,Off,1,2,None,None,Off,Off,Off,Off,Normal Encryption,Off,Off,Off,Off,251.1,1,Off,On,On,Off,Off,Off,1,0,Off,0,0
357,.AUS Capital,146.5,146.5,D-Digital,Low,12.5K,Off,Off,AUS Capital,Group Call,VU0AAA,Always,Carrier,Off,1,1,1,Off,1,2,None,None,Off,Off,Off,Off,Normal Encryption,Off,Off,Off,Off,251.1,1,Off,On,On,Off,Off,Off,1,0,Off,0,0
358,.AUS new south,146.5,146.5,D-Digital,Low,12.5K,Off,Off,AUS new south,Group Call,VU0AAA,Always,Carrier,Off,1,1,1,Off,1,2,None,None,Off,Off,Off,Off,Normal Encryption,Off,Off,Off,Off,251.1,1,Off,On,On,Off,Off,Off,1,0,Off,0,0
359,.AUS Victor,146.5,146.5,D-Digital,Low,12.5K,Off,Off,AUS Victor,Group Call,VU0AAA,Always,Carrier,Off,1,1,1,Off,1,2,None,None,Off,Off,Off,Off,Normal Encryption,Off,Off,Off,Off,251.1,1,Off,On,On,Off,Off,Off,1,0,Off,0,0
360,.AUS Queens,146.5,146.5,D-Digital,Low,12.5K,Off,Off,AUS Queens,Group Call,VU0AAA,Always,Carrier,Off,1,1,1,Off,1,2,None,None,Off,Off,Off,Off,Normal Encryption,Off,Off,Off,Off,251.1,1,Off,On,On,Off,Off,Off,1,0,Off,0,0
361,.South AUS,146.5,146.5,D-Digital,Low,12.5K,Off,Off,South AUS,Group Call,VU0AAA,Always,Carrier,Off,1,1,1,Off,1,2,None,None,Off,Off,Off,Off,Normal Encryption,Off,Off,Off,Off,251.1,1,Off,On,On,Off,Off,Off,1,0,Off,0,0
362,.West AUS,146.5,146.5,D-Digital,Low,12.5K,Off,Off,West AUS,Group Call,VU0AAA,Always,Carrier,Off,1,1,1,Off,1,2,None,None,Off,Off,Off,Off,Normal Encryption,Off,Off,Off,Off,251.1,1,Off,On,On,Off,Off,Off,1,0,Off,0,0
363,.Tasmania,146.5,146.5,D-Digital,Low,12.5K,Off,Off,Tasmania,Group Call,VU0AAA,Always,Carrier,Off,1,1,1,Off,1,2,None,None,Off,Off,Off,Off,Normal Encryption,Off,Off,Off,Off,251.1,1,Off,On,On,Off,Off,Off,1,0,Off,0,0
364,.Australia North,146.5,146.5,D-Digital,Low,12.5K,Off,Off,Australia North,Group Call,VU0AAA,Always,Carrier,Off,1,1,1,Off,1,2,None,None,Off,Off,Off,Off,Normal Encryption,Off,Off,Off,Off,251.1,1,Off,On,On,Off,Off,Off,1,0,Off,0,0
365,.Bangladesh,146.5,146.5,D-Digital,Low,12.5K,Off,Off,Bangladesh,Group Call,VU0AAA,Always,Carrier,Off,1,1,1,Off,1,2,None,None,Off,Off,Off,Off,Normal Encryption,Off,Off,Off,Off,251.1,1,Off,On,On,Off,Off,Off,1,0,Off,0,0
366,.Belgium,146.5,146.5,D-Digital,Low,12.5K,Off,Off,Belgium,Group Call,VU0AAA,Always,Carrier,Off,1,1,1,Off,1,2,None,None,Off,Off,Off,Off,Normal Encryption,Off,Off,Off,Off,251.1,1,Off,On,On,Off,Off,Off,1,0,Off,0,0
367,.Bulgaria,146.5,146.5,D-Digital,Low,12.5K,Off,Off,Bulgaria,Group Call,VU0AAA,Always,Carrier,Off,1,1,1,Off,1,2,None,None,Off,Off,Off,Off,Normal Encryption,Off,Off,Off,Off,251.1,1,Off,On,On,Off,Off,Off,1,0,Off,0,0
368,.Brazil Nacional,146.5,146.5,D-Digital,Low,12.5K,Off,Off,Brazil Nacional,Group Call,VU0AAA,Always,Carrier,Off,1,1,1,Off,1,2,None,None,Off,Off,Off,Off,Normal Encryption,Off,Off,Off,Off,251.1,1,Off,On,On,Off,Off,Off,1,0,Off,0,0
369,.Canada Wide,146.5,146.5,D-Digital,Low,12.5K,Off,Off,Canada Wide,Group Call,VU0AAA,Always,Carrier,Off,1,1,1,Off,1,2,None,None,Off,Off,Off,Off,Normal Encryption,Off,Off,Off,Off,251.1,1,Off,On,On,Off,Off,Off,1,0,Off,0,0
370,.Switzerland,146.5,146.5,D-Digital,Low,12.5K,Off,Off,Switzerland,Group Call,VU0AAA,Always,Carrier,Off,1,1,1,Off,1,2,None,None,Off,Off,Off,Off,Normal Encryption,Off,Off,Off,Off,251.1,1,Off,On,On,Off,Off,Off,1,0,Off,0,0
371,.China,146.5,146.5,D-Digital,Low,12.5K,Off,Off,China,Group Call,VU0AAA,Always,Carrier,Off,1,1,1,Off,1,2,None,None,Off,Off,Off,Off,Normal Encryption,Off,Off,Off,Off,251.1,1,Off,On,On,Off,Off,Off,1,0,Off,0,0
372,.United Kingdom,146.5,146.5,D-Digital,Low,12.5K,Off,Off,United Kingdom,Group Call,VU0AAA,Always,Carrier,Off,1,1,1,Off,1,2,None,None,Off,Off,Off,Off,Normal Encryption,Off,Off,Off,Off,251.1,1,Off,On,On,Off,Off,Off,1,0,Off,0,0
373,.Ireland,146.5,146.5,D-Digital,Low,12.5K,Off,Off,Ireland,Group Call,VU0AAA,Always,Carrier,Off,1,1,1,Off,1,2,None,None,Off,Off,Off,Off,Normal Encryption,Off,Off,Off,Off,251.1,1,Off,On,On,Off,Off,Off,1,0,Off,0,0
374,.Scotland,146.5,146.5,D-Digital,Low,12.5K,Off,Off,Scotland,Group Call,VU0AAA,Always,Carrier,Off,1,1,1,Off,1,2,None,None,Off,Off,Off,Off,Normal Encryption,Off,Off,Off,Off,251.1,1,Off,On,On,Off,Off,Off,1,0,Off,0,0
375,.London,146.5,146.5,D-Digital,Low,12.5K,Off,Off,London,Group Call,VU0AAA,Always,Carrier,Off,1,1,1,Off,1,2,None,None,Off,Off,Off,Off,Normal Encryption,Off,Off,Off,Off,251.1,1,Off,On,On,Off,Off,Off,1,0,Off,0,0
376,.Hong Kong,146.5,146.5,D-Digital,Low,12.5K,Off,Off,Hong Kong,Group Call,VU0AAA,Always,Carrier,Off,1,1,1,Off,1,2,None,None,Off,Off,Off,Off,Normal Encryption,Off,Off,Off,Off,251.1,1,Off,On,On,Off,Off,Off,1,0,Off,0,0
377,.Hungary,146.5,146.5,D-Digital,Low,12.5K,Off,Off,Hungary,Group Call,VU0AAA,Always,Carrier,Off,1,1,1,Off,1,2,None,None,Off,Off,Off,Off,Normal Encryption,Off,Off,Off,Off,251.1,1,Off,On,On,Off,Off,Off,1,0,Off,0,0
378,.Indonesia,146.5,146.5,D-Digital,Low,12.5K,Off,Off,Indonesia,Group Call,VU0AAA,Always,Carrier,Off,1,1,1,Off,1,2,None,None,Off,Off,Off,Off,Normal Encryption,Off,Off,Off,Off,251.1,1,Off,On,On,Off,Off,Off,1,0,Off,0,0
379,.Israel,146.5,146.5,D-Digital,Low,12.5K,Off,Off,Israel,Group Call,VU0AAA,Always,Carrier,Off,1,1,1,Off,1,2,None,None,Off,Off,Off,Off,Normal Encryption,Off,Off,Off,Off,251.1,1,Off,On,On,Off,Off,Off,1,0,Off,0,0
380,.Italia,146.5,146.5,D-Digital,Low,12.5K,Off,Off,Italia,Group Call,VU0AAA,Always,Carrier,Off,1,1,1,Off,1,2,None,None,Off,Off,Off,Off,Normal Encryption,Off,Off,Off,Off,251.1,1,Off,On,On,Off,Off,Off,1,0,Off,0,0
381,.Malaysia Nation,146.5,146.5,D-Digital,Low,12.5K,Off,Off,Malaysia Nation,Group Call,VU0AAA,Always,Carrier,Off,1,1,1,Off,1,2,None,None,Off,Off,Off,Off,Normal Encryption,Off,Off,Off,Off,251.1,1,Off,On,On,Off,Off,Off,1,0,Off,0,0
382,.Pakistan,146.5,146.5,D-Digital,Low,12.5K,Off,Off,Pakistan,Group Call,VU0AAA,Always,Carrier,Off,1,1,1,Off,1,2,None,None,Off,Off,Off,Off,Normal Encryption,Off,Off,Off,Off,251.1,1,Off,On,On,Off,Off,Off,1,0,Off,0,0
383,.Poland,146.5,146.5,D-Digital,Low,12.5K,Off,Off,Poland,Group Call,VU0AAA,Always,Carrier,Off,1,1,1,Off,1,2,None,None,Off,Off,Off,Off,Normal Encryption,Off,Off,Off,Off,251.1,1,Off,On,On,Off,Off,Off,1,0,Off,0,0
384,.Portugal,146.5,146.5,D-Digital,Low,12.5K,Off,Off,Portugal,Group Call,VU0AAA,Always,Carrier,Off,1,1,1,Off,1,2,None,None,Off,Off,Off,Off,Normal Encryption,Off,Off,Off,Off,251.1,1,Off,On,On,Off,Off,Off,1,0,Off,0,0
385,.Qatar,146.5,146.5,D-Digital,Low,12.5K,Off,Off,Qatar,Group Call,VU0AAA,Always,Carrier,Off,1,1,1,Off,1,2,None,None,Off,Off,Off,Off,Normal Encryption,Off,Off,Off,Off,251.1,1,Off,On,On,Off,Off,Off,1,0,Off,0,0
386,.Romania,146.5,146.5,D-Digital,Low,12.5K,Off,Off,Romania,Group Call,VU0AAA,Always,Carrier,Off,1,1,1,Off,1,2,None,None,Off,Off,Off,Off,Normal Encryption,Off,Off,Off,Off,251.1,1,Off,On,On,Off,Off,Off,1,0,Off,0,0
387,.Serbia,146.5,146.5,D-Digital,Low,12.5K,Off,Off,Serbia,Group Call,VU0AAA,Always,Carrier,Off,1,1,1,Off,1,2,None,None,Off,Off,Off,Off,Normal Encryption,Off,Off,Off,Off,251.1,1,Off,On,On,Off,Off,Off,1,0,Off,0,0
388,.Russia Global,146.5,146.5,D-Digital,Low,12.5K,Off,Off,Russia Global,Group Call,VU0AAA,Always,Carrier,Off,1,1,1,Off,1,2,None,None,Off,Off,Off,Off,Normal Encryption,Off,Off,Off,Off,251.1,1,Off,On,On,Off,Off,Off,1,0,Off,0,0
389,.Saudi Arabia,146.5,146.5,D-Digital,Low,12.5K,Off,Off,Saudi Arabia,Group Call,VU0AAA,Always,Carrier,Off,1,1,1,Off,1,2,None,None,Off,Off,Off,Off,Normal Encryption,Off,Off,Off,Off,251.1,1,Off,On,On,Off,Off,Off,1,0,Off,0,0
390,.Sweden,146.5,146.5,D-Digital,Low,12.5K,Off,Off,Sweden,Group Call,VU0AAA,Always,Carrier,Off,1,1,1,Off,1,2,None,None,Off,Off,Off,Off,Normal Encryption,Off,Off,Off,Off,251.1,1,Off,On,On,Off,Off,Off,1,0,Off,0,0
391,.Singapore,146.5,146.5,D-Digital,Low,12.5K,Off,Off,Singapore,Group Call,VU0AAA,Always,Carrier,Off,1,1,1,Off,1,2,None,None,Off,Off,Off,Off,Normal Encryption,Off,Off,Off,Off,251.1,1,Off,On,On,Off,Off,Off,1,0,Off,0,0
392,.Thailand,146.5,146.5,D-Digital,Low,12.5K,Off,Off,Thailand,Group Call,VU0AAA,Always,Carrier,Off,1,1,1,Off,1,2,None,None,Off,Off,Off,Off,Normal Encryption,Off,Off,Off,Off,251.1,1,Off,On,On,Off,Off,Off,1,0,Off,0,0
393,.Turkey,146.5,146.5,D-Digital,Low,12.5K,Off,Off,Turkey,Group Call,VU0AAA,Off,Carrier,Off,1,1,1,Off,1,2,None,None,Off,Off,Off,Off,Normal Encryption,Off,Off,Off,Off,131.8,1,Off,On,On,Start Of Transmission,Off,Analog,1,0,Off,0,0
394,.Ukraine,146.5,146.5,D-Digital,Low,12.5K,Off,Off,Ukraine,Group Call,VU0AAA,Always,Carrier,Off,1,1,1,Off,1,1,None,None,Off,Off,Off,Off,Normal Encryption,Off,Off,Off,Off,131.8,1,Off,Off,On,Start Of Transmission,Off,Analog,1,0,Off,0,0
395,.GPS and weather,146.5,146.5,D-Digital,Low,12.5K,Off,Off,GPS and weather,Private Call,VU0AAA,Always,Carrier,Off,1,1,1,Off,1,1,None,None,Off,Off,Off,Off,Normal Encryption,Off,Off,Off,Off,131.8,1,Off,Off,On,Start Of Transmission,Off,Analog,1,0,Off,0,0
396,.POCSAG RPTInfo,146.5,146.5,D-Digital,Low,12.5K,Off,Off,POCSAG RPTInfo,Private Call,VU0AAA,Always,Carrier,Off,1,1,1,Off,1,1,None,None,Off,Off,Off,Off,Normal Encryption,Off,Off,Off,Off,131.8,1,Off,Off,On,Start Of Transmission,Off,Analog,1,0,Off,0,0
397,.SMSC,146.5,146.5,D-Digital,Low,12.5K,Off,Off,SMSC,Private Call,VU0AAA,Always,Carrier,Off,1,1,1,Off,1,1,None,None,Off,Off,Off,Off,Normal Encryption,Off,Off,Off,Off,131.8,1,Off,Off,On,Start Of Transmission,Off,Analog,1,0,Off,0,0
398,.APRS,146.5,146.5,D-Digital,Low,12.5K,Off,Off,APRS,Private Call,VU0AAA,Always,Carrier,Off,1,1,1,Off,1,1,None,None,Off,Off,Off,Off,Normal Encryption,Off,Off,Off,Off,131.8,1,Off,Off,On,Start Of Transmission,Off,Analog,1,0,Off,0,0
4001,Channel VFO A,146.5,146.5,D-Digital,High,12.5K,Off,Off,All CALL,Private Call,VU0AAA,Always,Carrier,Off,1,1,1,Off,1,1,None,None,Off,Off,Off,Off,Normal Encryption,Off,Off,Off,Off,131.8,1,Off,Off,On,Start Of Transmission,Off,Analog,1,0,Off,0,0
4002,Channel VFO B,146.5,146.5,D-Digital,High,12.5K,Off,Off,All CALL,Private Call,VU0AAA,Always,Carrier,Off,1,1,1,Off,1,1,None,None,Off,Off,Off,Off,Normal Encryption,Off,Off,Off,Off,131.8,1,Off,Off,On,Start Of Transmission,Off,Analog,1,0,Off,0,0
